plateid, locationid, ra, dec, apgver, vdone, vplan, SN, history
8641, -1, 282.0, -41.0, 999, 0, 3, 0.0, NOT,OBSERVED
8642, -1, 272.5, -35.0, 999, 0, 3, 0.0, NOT,OBSERVED
8643, -1, 274.5, -38.0, 999, 0, 3, 0.0, NOT,OBSERVED
8644, -1, 266.75, -31.5, 999, 0, 3, 0.0, NOT,OBSERVED
8645, -1, 282.0, -41.0, 999, 0, 3, 0.0, NOT,OBSERVED
8646, -1, 272.5, -35.0, 999, 0, 3, 0.0, NOT,OBSERVED
8647, -1, 274.5, -38.0, 999, 0, 3, 0.0, NOT,OBSERVED
8648, -1, 266.75, -31.5, 999, 0, 3, 0.0, NOT,OBSERVED
8649, -1, 282.0, -41.0, 999, 0, 3, 0.0, NOT,OBSERVED
8650, -1, 282.0, -41.0, 999, 0, 3, 0.0, NOT,OBSERVED
8770, -1, 15.0, -40.0, 999, 0, 3, 0.0, NOT,OBSERVED
8771, -1, 10.0, -22.0, 999, 0, 3, 0.0, NOT,OBSERVED
8772, -1, 15.0, -45.0, 999, 0, 3, 0.0, NOT,OBSERVED
8783, 5157, 300.4407, -40.3162, -100, 0, 1, 0.0, NOT,OBSERVED
8784, 5158, 273.4442, -43.4526, -100, 0, 1, 0.0, NOT,OBSERVED
8785, 5042, 354.8611, 30.3525, -100, 0, 1, 0.0, NOT,OBSERVED
8786, 5110, 322.493, 12.1671, -100, 0, 1, 0.0, NOT,OBSERVED
8787, 5157, 300.4407, -40.3162, -100, 0, 1, 0.0, NOT,OBSERVED
9052, -1, 168.75, -29.0, 999, 0, 3, 0.0, NOT,OBSERVED
9053, -1, 164.5, -20.25, 999, 0, 3, 0.0, NOT,OBSERVED
9054, -1, 172.5, 10.0, 999, 0, 3, 0.0, NOT,OBSERVED
9055, -1, 292.5, -60.0, 999, 0, 3, 0.0, NOT,OBSERVED
9056, -1, 168.75, -29.0, 999, 0, 3, 0.0, NOT,OBSERVED
9057, -1, 164.5, -20.25, 999, 0, 3, 0.0, NOT,OBSERVED
9058, -1, 172.5, 10.0, 999, 0, 3, 0.0, NOT,OBSERVED
9059, -1, 292.5, -60.0, 999, 0, 3, 0.0, NOT,OBSERVED
9060, -1, 168.75, -29.0, 999, 0, 3, 0.0, NOT,OBSERVED
9061, -1, 164.5, -20.25, 999, 0, 3, 0.0, NOT,OBSERVED
9100, -1, 240.0, -35.0, 110, 0, 3, 0.0, NOT,OBSERVED
9101, -1, 216.0, -21.333, 210, 0, 3, 0.0, NOT,OBSERVED
9102, -1, 225.0, 15.0, 320, 0, 3, 0.0, NOT,OBSERVED
9103, -1, 345.0, -60.0, 420, 0, 3, 0.0, NOT,OBSERVED
9104, -1, 240.0, -35.0, 110, 0, 3, 0.0, NOT,OBSERVED
9105, -1, 216.0, -21.333, 210, 0, 3, 0.0, NOT,OBSERVED
9106, -1, 225.0, 15.0, 100, 0, 1, 0.0, NOT,OBSERVED
9107, -1, 345.0, -60.0, 100, 0, 3, 0.0, NOT,OBSERVED
9108, -1, 240.0, -35.0, 210, 0, 3, 0.0, NOT,OBSERVED
9109, -1, 216.0, -21.333, 210, 0, 3, 0.0, NOT,OBSERVED
9136, 5206, 240.3244, -36.8568, -100, 0, 1, 0.0, NOT,OBSERVED
9137, 5207, 356.0131, -26.8867, -100, 0, 1, 0.0, NOT,OBSERVED
9138, 5208, 28.8177, -33.0427, -100, 0, 1, 0.0, NOT,OBSERVED
9265, 5209, 97.3917, -31.3333, -100, 3, 1, 8613.1508, NOT,OBSERVED
9266, 5209, 97.3917, -31.3333, -100, 3, 1, 8613.1508, NOT,OBSERVED
9267, 5209, 97.3917, -31.3333, -100, 3, 1, 8613.1508, NOT,OBSERVED
9268, 5209, 97.3917, -31.3333, -100, 3, 1, 8613.1508, NOT,OBSERVED
9269, 5209, 97.3917, -31.3333, -100, 3, 1, 8613.1508, NOT,OBSERVED
9270, 5210, 132.775, 11.85, -100, 1, 1, 6361.4864, NOT,OBSERVED
9271, 5211, 94.1888, -18.7385, -100, 0, 1, 0.0, NOT,OBSERVED
9272, 5212, 104.0381, -29.4025, -100, 2, 1, 6802.83389226, NOT,OBSERVED
9273, 5213, 154.4829, -46.3321, -100, 2, 1, 15948.4445731, NOT,OBSERVED
9274, 5214, 100.8336, -51.2, -100, 0, 1, 0.0, NOT,OBSERVED
9275, 5228, 78.4413, -62.5535, -100, 0, 1, 0.0, NOT,OBSERVED
9276, 5229, 78.458, -40.117, -100, 1, 1, 4599.4337, NOT,OBSERVED
9277, 5230, 84.2024, -69.1158, -100, 2, 1, 5894.52229226, NOT,OBSERVED
9278, 5231, 90.0, -85.0, -100, 2, 1, 5811.76357626, NOT,OBSERVED
9279, 5232, 85.196, 15.4097, -100, 3, 1, 9561.9946, NOT,OBSERVED
9280, 5233, 330.0, -30.0, -100, 0, 1, 0.0, NOT,OBSERVED
9281, 5234, 352.5, -55.0, -100, 0, 1, 0.0, NOT,OBSERVED
9282, 5235, 15.0, -60.0, -100, 0, 1, 0.0, NOT,OBSERVED
9283, 5236, 30.0, -50.0, -100, 0, 1, 0.0, NOT,OBSERVED
9284, 5237, 45.0, -30.0, -100, 0, 1, 0.0, NOT,OBSERVED
9285, 5238, 60.0, -30.0, -100, 0, 1, 0.0, NOT,OBSERVED
9286, 5239, 75.0, -30.0, -100, 0, 1, 0.0, NOT,OBSERVED
9448, -1, 330.0, -35.0, 999, 0, 3, 0.0, NOT,OBSERVED
9449, -1, 330.0, -75.0, 999, 0, 3, 0.0, NOT,OBSERVED
9450, -1, 337.5, 0.0, 999, 0, 3, 0.0, NOT,OBSERVED
9451, 5209, 97.5145, -31.4373, -100, 3, 1, 8613.1508, 58152,57833,57831,
9452, 5210, 132.5513, 11.8568, -100, 1, 1, 6361.4864, 58115,
9453, 5210, 132.5513, 11.8568, -100, 1, 1, 6361.4864, NOT,OBSERVED
9454, 5210, 132.5513, 11.8568, -100, 1, 1, 6361.4864, NOT,OBSERVED
9455, 5210, 132.5513, 11.8568, -100, 1, 1, 6361.4864, NOT,OBSERVED
9456, 5210, 132.5513, 11.8568, -100, 1, 1, 6361.4864, NOT,OBSERVED
9457, 5211, 94.1939, -18.7631, -100, 0, 1, 0.0, NOT,OBSERVED
9458, 5212, 103.9501, -29.3939, -100, 2, 1, 6802.83389226, 57802,57830,
9459, 5213, 154.1282, -46.5232, -100, 2, 1, 15948.4445731, 57832,57831,
9460, 5214, 100.8351, -51.0998, -100, 0, 1, 0.0, NOT,OBSERVED
9461, 5228, 78.5258, -62.5661, -100, 0, 1, 0.0, NOT,OBSERVED
9462, 5229, 78.2882, -40.0658, -100, 1, 1, 4599.4337, 58095,
9463, 5230, 84.0895, -69.1133, -100, 2, 1, 5894.52229226, 57832,57802,
9464, 5231, 164.0502, -84.8977, -100, 2, 1, 5811.76357626, 58116,58213,
9465, 5232, 192.1895, 12.1748, -100, 3, 1, 9561.9946, 57833,57829,57877,
9522, 5233, 330.0, -30.0, 999, 0, 3, 0.0, NOT,OBSERVED
9523, 5234, 352.5, -55.0, 999, 0, 3, 0.0, NOT,OBSERVED
9524, 5235, 15.0, -60.0, 999, 0, 3, 0.0, NOT,OBSERVED
9525, 5236, 30.0, -50.0, 999, 0, 3, 0.0, NOT,OBSERVED
9526, 5237, 45.0, -30.0, 999, 0, 3, 0.0, NOT,OBSERVED
9527, 5238, 60.0, -30.0, 999, 0, 3, 0.0, NOT,OBSERVED
9528, 5239, 75.0, -30.0, 999, 0, 3, 0.0, NOT,OBSERVED
9633, 5238, 59.9378, -30.0904, -200, 2, 1, 2607.9037, 57945,57972,
9634, 5277, 82.4573, -45.0473, -100, 1, 1, 3435.84204798, 57580,
9635, 5277, 82.4573, -45.0473, -200, 0, 1, 0.0, NOT,OBSERVED
9636, 5278, 104.9766, -30.0242, -100, 0, 1, 0.0, NOT,OBSERVED
9637, 5279, 127.4461, -45.0165, -100, 2, 1, 4755.47632944, 58213,
9638, 5279, 127.4461, -45.0165, -100, 2, 1, 4755.47632944, 57580,
9639, 5280, 150.0347, -30.0259, -100, 1, 1, 1249.3202, 57830,
9640, 5281, 75.0688, 9.9685, -100, 0, 1, 0.0, NOT,OBSERVED
9641, 5282, 135.0929, -59.9748, -100, 3, 1, 3820.0198919, 58210,57580,58214,
9642, 5283, 210.0255, 0.0383, -100, 0, 1, 0.0, NOT,OBSERVED
9643, 5284, 164.9334, 0.0684, -100, 0, 1, 0.0, NOT,OBSERVED
9644, 5285, 82.5915, -60.0232, -100, 0, 1, 0.0, NOT,OBSERVED
9645, 5286, 105.2894, -79.9938, -100, 2, 1, 5078.39957306, 58152,57580,
9646, 5287, 127.0761, -84.94, -100, 2, 1, 2810.13803297, 58214,
9647, 5288, 156.5371, -89.0122, -100, 0, 1, 0.0, NOT,OBSERVED
9648, 5289, 59.9503, -69.9855, -100, 1, 1, 3353.04545161, NOT,OBSERVED
9649, 5289, 59.9503, -69.9855, -100, 1, 1, 3353.04545161, NOT,OBSERVED
9650, 5289, 59.9503, -69.9855, -100, 1, 1, 3353.04545161, 58211,
9651, 5290, 97.6414, -70.0388, -100, 1, 1, 3339.32107009, 58211,
9652, 5290, 97.6414, -70.0388, -100, 1, 1, 3339.32107009, NOT,OBSERVED
9653, 5291, 0.0, 0.0, -100, 0, 1, 0.0, NOT,OBSERVED
9654, 5291, 0.0, 0.0, -200, 0, 1, 0.0, NOT,OBSERVED
9655, 5291, 0.0, 0.0, -300, 0, 1, 0.0, NOT,OBSERVED
9656, 5291, 0.0, 0.0, -400, 2, 1, 7100.7402325, 57830,57831,
9657, 5291, 0.0, 0.0, -500, 0, 1, 0.0, NOT,OBSERVED
9693, 5252, 138.3114, -48.2096, 111, 3, 3, 16443.3971, 58116,58150,58119,
9694, 5252, 138.3114, -48.2096, 211, 3, 3, 14593.5317, 58120,58117,58151,
9695, 5252, 138.3114, -48.2096, 321, 3, 3, 12400.9801, 58121,58178,58153,
9696, 5252, 138.3114, -48.2096, 421, 3, 3, 14537.369, 58153,58179,58182,
9697, 5252, 138.3114, -48.2096, 531, 3, 3, 11859.2484674, 58155,58180,58183,
9698, 5252, 138.3114, -48.2096, 631, 3, 3, 11407.6199427, 57850,58154,57829,
9699, 5253, 229.9305, -42.738, 110, 1, 3, 5683.8661, 57854,
9700, 5253, 229.9305, -42.738, 210, 2, 3, 6314.8627, 57849,57882,
9701, 5254, 182.0334, -74.6179, 110, 5, 3, 9738.62234061, 57881,58154,57943,57916,57913,
9702, 5254, 182.0334, -74.6179, 210, 4, 3, 10606.9401, 57944,58209,58155,57942,
9703, 5255, 149.1183, -39.5005, 110, 3, 3, 14284.2538, 58122,57851,58151,
9704, 5255, 149.1183, -39.5005, 210, 3, 3, 12880.1002, 58152,58155,58181,
9705, 5256, 122.5192, -55.6822, 110, 3, 3, 13491.5609, 58096,57882,57854,
9706, 5256, 122.5192, -55.6822, 210, 3, 3, 14883.0115, 58115,57851,58118,
9707, 5257, 126.9551, -17.4504, 100, 3, 3, 13700.4688, 58120,58117,58150,
9708, 5212, 103.9501, -29.3939, 100, 3, 3, 11748.7572, 58120,58117,58150,
9709, 5258, 97.2254, -16.1813, 100, 3, 3, 13281.7079, 58120,58117,58150,
9710, 5259, 157.0004, -50.6397, 110, 3, 3, 13602.737, 57915,57851,58119,
9711, 5260, 207.3688, -56.0367, 110, 3, 3, 13576.1578, 57945,57851,57853,
9712, 5260, 207.3688, -56.0367, 210, 3, 3, 11093.325534, 58210,58236,58213,
9713, 5261, 213.9209, -67.5671, 110, 3, 3, 15909.6239, 57852,57877,57917,
9714, 5262, 205.0701, -50.2668, 110, 3, 3, 12193.8246836, 57850,58211,57854,
9715, 5263, 214.1081, -48.6298, 100, 4, 3, 12119.6384365, 57940,57833,57852,57855,
9716, 5264, 236.0161, -54.9868, 110, 3, 3, 9265.722, 57850,57853,57917,
9717, 5264, 236.0161, -54.9868, 210, 0, 3, 0.0, NOT,OBSERVED
9718, 5265, 241.0415, -44.6195, 110, 3, 3, 12727.4097365, 57849,57855,57831,
9719, 5266, 182.2801, -50.1554, 110, 3, 3, 16235.6264, 58152,57850,57855,
9720, 5267, 168.4825, -73.464, 110, 4, 3, 13731.3335, 57882,57852,57917,58118,
9721, 5268, 230.2479, -49.9288, 110, 3, 3, 15886.6562, 57851,57877,57942,
9722, 5269, 245.5878, -41.2998, 110, 3, 3, 14213.4091, 57944,57915,57941,
9723, 5269, 245.5878, -41.2998, 210, 4, 3, 13589.6345, 57945,57852,57942,57918,
9724, 5269, 245.5878, -41.2998, 320, 3, 3, 11676.9236, 58358,57854,57943,
9731, 5293, 201.73592, -47.51123, -100, 2, 1, 15334.8774, 57829,57830,
9732, 5301, 283.75524, -30.45462, -100, 1, 1, 5388.5272, 57877,
9733, 5229, 78.28821, -40.06581, 110, 4, 3, 13277.0803, 58120,57973,58030,58117,
9734, 5229, 78.28821, -40.06581, 210, 3, 3, 10555.466, 58121,58118,58151,
9735, 5294, 81.06153, -24.36794, 110, 5, 3, 14379.7722, 58033,58025,58028,57974,58031,
9736, 5294, 81.06153, -24.36794, 210, 4, 3, 17442.245, 58057,58026,57972,58060,
9737, 5295, 138.6144, -65.05472, 110, 4, 3, 13261.5056, 57856,58090,57852,58095,
9738, 5295, 138.6144, -65.05472, 210, 3, 3, 15542.3618, 58122,58150,58118,
9739, 5296, 154.42839, -46.12459, 110, 3, 3, 15504.5713, 58091,58094,57854,
9740, 5296, 154.42839, -46.12459, 210, 3, 3, 13911.8923, 58121,58092,58095,
9741, 5297, 190.1829, -26.83075, 110, 3, 3, 10757.5287457, 57856,58153,58211,
9742, 5297, 190.1829, -26.83075, 210, 3, 3, 10318.1085894, 57851,58236,58214,
9743, 5298, 245.94395, -26.22634, 110, 2, 1, 11823.158, 57850,57854,
9744, 5298, 245.94395, -26.22634, 210, 1, 1, 4151.6395, 57944,
9745, 5298, 245.94395, -26.22634, 310, 0, 1, 0.0, NOT,OBSERVED
9746, 5299, 253.99394, -4.1099, 110, 1, 1, 5002.8868, 57971,
9747, 5299, 253.99394, -4.1099, 210, 1, 1, 5417.408, 57972,
9748, 5299, 253.99394, -4.1099, 310, 2, 1, 5655.894, 57973,57855,
9749, 5300, 251.93784, -2.15107, 110, 1, 1, 5293.7882, 57851,
9750, 5300, 251.93784, -2.15107, 210, 1, 1, 5176.6666, 57855,
9751, 5300, 251.93784, -2.15107, 310, 1, 1, 5189.4731, 57914,
9752, 5302, 161.00154, -59.87431, 100, 0, 1, 0.0, NOT,OBSERVED
9753, 5303, 198.50234, -62.88459, 100, 1, 2, 3480.4149, 57859,
9754, 5303, 198.50234, -62.88459, 100, 1, 2, 3480.4149, NOT,OBSERVED
9755, 5304, 199.4632, -62.85282, 100, 0, 2, 0.0, NOT,OBSERVED
9756, 5304, 199.4632, -62.85282, 100, 0, 2, 0.0, NOT,OBSERVED
9757, 5305, 272.63809, -24.21029, 100, 0, 1, 0.0, NOT,OBSERVED
9758, 5306, 170.68516, 2.00739, 100, 1, 1, 6487.6573, 57878,
9759, 5307, 173.49581, -0.93585, 100, 1, 1, 6469.0163, 57878,
9760, 5308, 178.50646, -1.8116, 100, 0, 1, 0.0, NOT,OBSERVED
9761, 5309, 252.81706, -24.97001, 100, 1, 1, 6633.4207, 57878,
9762, 5310, 243.27255, -25.50334, 100, 1, 1, 5977.3068, 57878,
9763, 5311, 243.31338, -19.83822, 100, 1, 1, 7225.4998, 57878,
9764, 5312, 177.73762, 6.33028, 100, 0, 1, 0.0, NOT,OBSERVED
9765, 5313, 171.21186, 4.26137, 100, 0, 1, 0.0, NOT,OBSERVED
9766, 5314, 171.07231, -1.52906, 100, 0, 1, 0.0, NOT,OBSERVED
9767, 5315, 247.88807, -18.74375, 100, 0, 1, 0.0, NOT,OBSERVED
9768, 5316, 246.58584, -24.93959, 100, 0, 1, 0.0, NOT,OBSERVED
9769, 5317, 245.54079, -22.16975, 100, 0, 1, 0.0, NOT,OBSERVED
9770, 5318, 288.68209, -16.53267, 100, 0, 1, 0.0, NOT,OBSERVED
9771, 5319, 217.80361, -62.54037, 100, 0, 1, 0.0, NOT,OBSERVED
9781, 5331, 239.92906, -22.68287, 100, 2, 2, 9285.7469, 58177,58261,
9782, 5332, 241.41994, -19.95871, 100, 2, 2, 7777.6723, 58176,58177,
9783, 5333, 243.44445, -23.05825, 100, 0, 2, 0.0, NOT,OBSERVED
9784, 5334, 242.73941, -18.77226, 100, 0, 2, 0.0, NOT,OBSERVED
9785, 5324, 263.98424, -45.02141, 110, 0, 3, 0.0, NOT,OBSERVED
9786, 5324, 263.98424, -45.02141, 210, 1, 3, 2165.0323, 57881,
9787, 5325, 264.75766, -53.82196, 110, 3, 3, 13844.9728, 57971,57877,57941,
9788, 5325, 264.75766, -53.82196, 210, 3, 3, 10967.2114, 57945,58356,57942,
9789, 5325, 264.75766, -53.82196, 310, 3, 3, 9123.2481, 58357,
9790, 5326, 267.35184, -36.77383, 110, 0, 3, 0.0, NOT,OBSERVED
9791, 5326, 267.35184, -36.77383, 210, 0, 3, 0.0, NOT,OBSERVED
9792, 5327, 278.95985, -24.26113, 110, 0, 1, 0.0, NOT,OBSERVED
9793, 5327, 278.95985, -24.26113, 210, 0, 1, 0.0, NOT,OBSERVED
9794, 5327, 278.95985, -24.26113, 310, 0, 1, 0.0, NOT,OBSERVED
9795, 5328, 288.07457, -60.20822, 110, 5, 3, 14865.5547, 57945,57914,57941,57942,57973,
9796, 5328, 288.07457, -60.20822, 210, 3, 3, 11320.4749, 57944,57881,57915,
9797, 5329, 294.71252, -30.93939, 110, 2, 1, 7252.4881, 57944,57914,
9798, 5329, 294.71252, -30.93939, 210, 1, 1, 5803.4298, 57916,
9799, 5329, 294.71252, -30.93939, 310, 2, 1, 5970.8539, 57945,57938,
9809, 5335, 259.00143, -24.40108, 110, 9, 9, 30772.4372441, 58208,58180,58183,58025,58028,57970,57973,57944,57916,
9810, 5336, 278.83027, -34.57542, 110, 7, 9, 31250.4336, 58350,58353,58324,58329,58296,57972,58356,
9811, 5337, 261.21259, -14.12207, 100, 3, 3, 10910.6059, 57970,58178,57973,
9812, 5338, 283.58947, -25.70741, 100, 4, 3, 11452.302, 58356,57972,58293,58054,
9813, 5339, 263.78476, -10.08623, 100, 3, 3, 14239.5574, 57970,57915,57974,
9814, 5340, 285.8607, -21.36227, 100, 3, 3, 12114.0357, 58028,57972,57974,
9815, 5341, 264.33615, -4.6181, 100, 2, 3, 5801.6641, 58354,58357,
9816, 5342, 289.96613, -17.64115, 100, 3, 3, 9751.5919, 58324,58294,57974,
9817, 5343, 282.37016, -14.28044, 110, 3, 3, 4982.5142, 58354,58349,
9818, 5344, 287.9277, -16.82108, 110, 3, 3, 11086.8964, 58296,58331,58348,
9819, 5345, 266.8265, -0.59348, 100, 3, 3, 10400.3381, 58354,58351,
9820, 5346, 291.9816, -13.33201, 100, 3, 3, 13240.1378, 57968,57972,58029,
9821, 5347, 270.43046, -2.4173, 100, 3, 3, 8222.9075, 57968,57913,58355,
9822, 5348, 180.43181, -56.21144, 110, 4, 3, 10583.5205016, 58185,58154,58209,58151,
9823, 5349, 174.23711, -67.88013, 110, 3, 3, 12054.7136, 57914,58115,58122,
9824, 5350, 221.06348, -73.06175, 110, 3, 3, 9660.0074, 58296,57914,58299,
9825, 5351, 225.67617, -44.99249, 110, 2, 3, 10437.1069, 57915,57918,
9826, 5352, 243.10736, -59.69686, 110, 3, 3, 11882.747, 57913,57974,58351,
9827, 5353, 252.35799, -63.5813, 110, 4, 3, 16159.3401, 57913,57971,57916,57974,
9828, 5354, 257.29468, -60.47323, 110, 3, 3, 10636.7219, 57914,58299,58324,
9829, 5355, 235.6625, -40.11571, 110, 1, 3, 5855.3018, 57916,
9830, 5356, 262.36727, -56.32082, 110, 3, 3, 10791.6469615, 58352,57915,58355,
9831, 5369, 240.29093, -36.88303, 110, 1, 3, 4988.9216, 57916,
9832, 5357, 263.91882, -51.19541, 110, 1, 3, 4469.0421, 58358,
9833, 5358, 266.79256, -52.14124, 100, 3, 3, 14566.0141, 57914,57917,57942,
9834, 5359, 269.6634, -53.00995, 100, 3, 3, 10704.8368, 57945,58356,
9835, 5360, 244.52318, -33.47128, 100, 0, 3, 0.0, NOT,OBSERVED
9836, 5361, 270.30586, -47.88549, 100, 5, 3, 15781.1885, 57913,57970,57916,57941,57945,
9837, 5362, 248.55509, -29.87246, 100, 3, 3, 11244.7577, 57970,58178,57973,
9838, 5370, 273.48528, -43.44287, 100, 4, 3, 14904.1931, 57944,57971,57915,57974,
9839, 5363, 266.3574, -28.9408, 100, 2, 2, 5028.1439, 58322,58323,
9840, 5363, 266.3574, -28.9408, 200, 1, 1, 1608.2664, 58322,
9841, 5363, 266.3574, -28.9408, 300, 1, 1, 3810.1253, 58323,
9842, 5363, 266.3574, -28.9408, 400, 0, 1, 0.0, NOT,OBSERVED
9843, 5364, 267.6317, -27.2567, 100, 1, 1, 3137.9323, 58323,
9844, 5364, 267.6317, -27.2567, 200, 0, 1, 0.0, NOT,OBSERVED
9845, 5365, 265.3143, -30.6902, 100, 2, 1, 4718.2936, 58322,58323,
9846, 5365, 265.3143, -30.6902, 200, 0, 1, 0.0, NOT,OBSERVED
9847, 5366, 268.6643, -25.4729, 100, 0, 1, 0.0, NOT,OBSERVED
9848, 5367, 264.0439, -32.3227, 100, 1, 1, 2304.1054, 58323,
9849, 5368, 243.0983, -53.4793, 100, 0, 2, 0.0, NOT,OBSERVED
9850, 5306, 170.68516, 2.00739, 200, 2, 2, 7261.61898032, 58243,58263,
9851, 5371, 239.67572, -20.82587, 100, 2, 2, 7295.0001, 58176,58243,
9852, 5372, 241.88487, -21.62161, 100, 1, 2, 5684.6923, 58243,
9853, 5373, 243.06181, -25.09276, 100, 1, 2, 3810.316, 58243,
9854, 5374, 239.55185, -24.34404, 100, 0, 2, 0.0, NOT,OBSERVED
9855, 5317, 245.54079, -22.16975, 200, 1, 2, 4189.139, 58243,
9856, 5375, 347.16362, -4.77905, 100, 2, 2, 10029.3534, 57973,57942,
9895, 5376, 269.73682, -30.76452, 100, 1, 1, 4289.2065, 57946,
9896, 5377, 268.53163, -30.22638, 100, 0, 1, 0.0, NOT,OBSERVED
9897, 5378, 264.39545, -27.76521, 100, 0, 1, 0.0, NOT,OBSERVED
9898, 5379, 263.01671, -27.23674, 100, 1, 1, 3281.0947, 57946,
9899, 5380, 270.68111, -29.53637, 100, 2, 1, 2252.3554, NOT,OBSERVED
9900, 5380, 270.68111, -29.53637, 100, 2, 1, 2252.3554, 58057,57946,
9901, 5381, 264.09201, -25.93539, 100, 0, 1, 0.0, NOT,OBSERVED
9902, 5382, 269.68576, -28.40046, 100, 1, 1, 1709.3604, NOT,OBSERVED
9903, 5382, 269.68576, -28.40046, 100, 1, 1, 1709.3604, 58055,
9904, 5383, 265.41505, -25.97216, 100, 1, 1, 2441.9412, 57946,
9905, 5384, 334.05053, -12.66286, 100, 1, 1, 8039.7873, 57971,
9906, 5385, 332.28341, -10.52563, 100, 2, 1, 6429.2877, 57972,57949,
9907, 5386, 338.40011, -13.42023, 100, 2, 1, 6179.5359, 57970,57949,
9908, 5387, 338.74746, -9.2412, 100, 1, 1, 7048.5577, 57948,
9909, 5388, 17.61543, 2.55496, 100, 0, 1, 0.0, NOT,OBSERVED
9910, 5389, 19.57504, 10.88592, 100, 1, 1, 5041.0872, 57947,
9911, 5390, 267.26667, -31.90138, 100, 0, 1, 0.0, NOT,OBSERVED
9912, 5391, 263.12945, -29.57531, 100, 1, 1, 2734.0526, 57946,
9913, 5392, 269.25466, -31.65018, 100, 0, 1, 0.0, NOT,OBSERVED
9914, 5393, 262.2062, -28.0503, 100, 1, 1, 4324.75852024, 57946,
9915, 5393, 262.2062, -28.0503, 100, 1, 1, 4324.75852024, NOT,OBSERVED
9916, 5394, 267.85267, -29.96302, 100, 1, 1, 5712.7818, 58348,
9917, 5395, 269.21975, -30.28666, 100, 0, 1, 0.0, NOT,OBSERVED
9918, 5396, 270.07546, -31.44379, 100, 1, 1, 4029.639, 58349,
9919, 5397, 264.75666, -27.72074, 100, 2, 1, 5238.857, 57948,58293,
9920, 5397, 264.75666, -27.72074, 100, 2, 1, 5238.857, NOT,OBSERVED
9921, 5398, 263.42761, -26.75406, 100, 2, 1, 3886.7887, 58264,
9922, 5398, 263.42761, -26.75406, 100, 2, 1, 3886.7887, 57949,
9923, 5399, 261.56325, -26.01918, 100, 2, 1, 4645.7628, 58264,57949,
9924, 5399, 261.56325, -26.01918, 100, 2, 1, 4645.7628, 57949,
9925, 5400, 268.45074, -28.6885, 100, 1, 1, 4412.6856, 57948,
9926, 5401, 268.45534, -29.38715, 100, 0, 1, 0.0, NOT,OBSERVED
9927, 5402, 270.68123, -30.04788, 100, 2, 1, 6139.7553, 57948,57949,
9928, 5403, 271.93294, -31.10135, 100, 1, 1, 5192.6582, 58264,
9929, 5403, 271.93294, -31.10135, 100, 1, 1, 5192.6582, NOT,OBSERVED
9930, 5404, 269.74069, -28.90115, 100, 1, 1, 3703.7393, 57948,
9931, 5405, 271.9741, -29.7303, 100, 1, 1, 3579.325, NOT,OBSERVED
9932, 5405, 271.9741, -29.7303, 100, 1, 1, 3579.325, 57949,
9933, 5406, 273.11111, -30.01389, 100, 2, 1, 6282.1392, 58030,
9934, 5406, 273.11111, -30.01389, 100, 2, 1, 6282.1392, 57948,
9935, 5407, 265.74965, -26.79905, 100, 1, 1, 3366.2873, 58292,
9936, 5408, 269.65287, -27.52078, 100, 0, 1, 0.0, NOT,OBSERVED
9937, 5409, 270.33359, -27.33001, 100, 0, 1, 0.0, NOT,OBSERVED
9938, 5410, 271.08098, -28.43041, 100, 1, 1, 4674.28709269, 58263,
9939, 5410, 271.08098, -28.43041, 100, 1, 1, 4674.28709269, NOT,OBSERVED
9940, 5411, 273.02056, -28.23309, 100, 1, 1, 1462.1694, NOT,OBSERVED
9941, 5411, 273.02056, -28.23309, 100, 1, 1, 1462.1694, 58059,
9942, 5412, 266.21926, -25.72696, 100, 1, 1, 4708.3196, NOT,OBSERVED
9943, 5413, 265.30811, -24.43102, 100, 1, 1, 3548.0345, NOT,OBSERVED
9944, 5414, 270.66259, -26.47925, 100, 1, 1, 4243.5189, 58262,
9945, 5414, 270.66259, -26.47925, 100, 1, 1, 4243.5189, NOT,OBSERVED
9946, 5415, 272.15803, -27.31396, 100, 0, 1, 0.0, NOT,OBSERVED
9947, 5415, 272.15803, -27.31396, 100, 0, 1, 0.0, NOT,OBSERVED
9948, 5416, 267.0558, -24.32706, 100, 1, 1, 4622.6393, NOT,OBSERVED
9949, 5417, 264.10876, -23.61515, 100, 1, 1, 5219.5298, 58262,
9950, 5418, 271.82117, -26.35718, 100, 2, 1, 3972.688, 57949,
9951, 5418, 271.82117, -26.35718, 100, 2, 1, 3972.688, 58261,
9952, 5419, 267.85791, -23.27007, 100, 1, 1, 4918.48453189, NOT,OBSERVED
9953, 5420, 266.00071, -23.04741, 100, 1, 1, 5160.9699, 58264,
9954, 5421, 264.96537, -21.82017, 100, 1, 1, 4891.3314, 58261,
9955, 5422, 266.54685, -21.59674, 100, 1, 1, 4974.67886449, 58263,
9956, 5423, 268.37288, -21.76855, 100, 2, 1, 4893.45777835, 58261,
9957, 5424, 266.2588, -35.53171, 100, 1, 1, 4829.9077, NOT,OBSERVED
9958, 5425, 266.70848, -33.8264, 100, 1, 1, 3879.473, 58292,
9959, 5426, 268.08342, -34.97442, 100, 2, 1, 3636.8998, 58262,
9960, 5427, 270.10442, -34.78623, 100, 1, 1, 3766.2109, 58264,
9961, 5428, 267.23711, -32.65933, 100, 1, 1, 4506.3676, 58348,
9962, 5429, 268.76128, -33.68647, 100, 1, 1, 4260.8412, NOT,OBSERVED
9963, 5430, 261.82861, -29.51366, 100, 3, 1, 4511.7653, 58292,58293,
9964, 5430, 261.82861, -29.51366, 100, 3, 1, 4511.7653, 58320,
9965, 5431, 268.7023, -32.11537, 100, 1, 1, 4235.6, 58349,
9966, 5432, 270.19907, -33.1188, 100, 1, 1, 4378.3737, 58348,
9967, 5433, 263.28265, -29.7714, 100, 1, 1, 3947.6463, 57948,
9968, 5433, 263.28265, -29.7714, 100, 1, 1, 3947.6463, NOT,OBSERVED
9969, 5434, 268.03385, -31.05339, 100, 1, 1, 4190.793, 58349,
9970, 5435, 264.16095, -28.99458, 100, 1, 1, 4054.6344, NOT,OBSERVED
9971, 5435, 264.16095, -28.99458, 100, 1, 1, 4054.6344, 58261,
9972, 5436, 262.69898, -28.49253, 100, 2, 1, 3616.739, 57948,
9973, 5436, 262.69898, -28.49253, 100, 2, 1, 3616.739, 58292,
9985, 5439, 262.26275, -30.74495, 100, 1, 1, 360.4345, 58031,
9986, 5440, 266.36892, -24.89872, 100, 0, 1, 0.0, NOT,OBSERVED
9987, 5441, 266.27255, -32.93315, 100, 0, 1, 0.0, NOT,OBSERVED
9988, 5442, 270.34906, -26.97817, 100, 1, 1, 1624.7767, 58032,
9989, 5443, 262.78281, -37.89166, 100, 1, 1, 2658.0946, 58177,
9990, 5444, 273.70463, -22.00532, 100, 0, 1, 0.0, NOT,OBSERVED
9991, 5445, 288.96375, -16.29974, 100, 2, 1, 7122.9056, 58033,58031,
9992, 5446, 335.61122, -4.43319, 100, 2, 1, 5939.3149, 58029,58030,
9993, 5447, 336.09974, -14.99134, 100, 1, 1, 5606.7241, 58032,
9994, 5448, 334.45942, -9.74196, 100, 2, 1, 6753.0221, 58033,58031,
9995, 5449, 333.60098, -16.60937, 100, 1, 1, 4847.2213, 58033,
9996, 5450, 340.41275, -15.61946, 100, 1, 1, 5518.5019, 58026,
9997, 5451, 330.27157, -11.72723, 100, 3, 1, 9244.3894, 58052,58026,58028,
9998, 5452, 22.77711, 6.61948, 100, 1, 1, 5691.8491, 58063,
9999, 5453, 14.42229, 8.21036, 100, 1, 1, 5976.5325, 58033,
10004, 5454, 64.24829, 14.58294, 100, 1, 1, 4367.1292, 58033,
10005, 5455, 60.07968, 22.10445, 100, 2, 1, 3883.16201039, NOT,OBSERVED
10006, 5456, 56.46514, 24.03888, 100, 0, 1, 0.0, NOT,OBSERVED
10007, 5457, 60.34679, 16.14995, 100, 1, 1, 3206.2521, 58032,
10032, 5459, 332.04018, -14.13927, 100, 2, 1, 9487.7268, 58058,58063,
10033, 5460, 337.95648, -17.50931, 100, 1, 1, 5043.8702, 58032,
10034, 5461, 335.9431, -11.96321, 100, 4, 1, 8907.9025, 58056,58059,58060,58061,
10035, 5462, 336.53707, -7.62208, 100, 4, 1, 10867.405, 58062,58053,58054,58055,
10036, 5463, 11.24734, 2.2523, 100, 2, 1, 5595.4025, 58032,58057,
10037, 5464, 12.92467, 10.18595, 100, 1, 1, 4714.9226, 58029,
10038, 5465, 18.91586, 7.29296, 100, 1, 1, 1970.3803, 58031,
10039, 5466, 14.40217, 3.61802, 100, 2, 1, 5138.8181, 58062,58063,
10040, 5454, 64.24829, 14.58294, 200, 0, 1, 0.0, NOT,OBSERVED
10041, 5467, 60.10178, 15.77055, 100, 1, 1, 2409.8658, 58355,
10042, 5468, 271.44705, -25.61059, 110, 1, 2, 5296.1859, 58026,
10043, 5468, 271.44705, -25.61059, 210, 1, 2, 3875.70729864, 58212,
10044, 5468, 271.44705, -25.61059, 310, 3, 2, 4296.99209508, 58240,58236,58238,
10045, 5468, 271.44705, -25.61059, 420, 1, 1, 3370.28577636, 58265,
10046, 5468, 271.44705, -25.61059, 520, 2, 1, 3757.5753, 58272,58271,
10047, 5468, 271.44705, -25.61059, 620, 1, 1, 4114.4917, 58274,
10048, 5469, 288.18282, -11.55034, 110, 1, 2, 6200.2281, 58025,
10049, 5470, 271.82578, -20.26189, 110, 1, 2, 4582.8407, 58029,
10050, 5470, 271.82578, -20.26189, 210, 2, 2, 4396.7407, 58206,58207,
10051, 5470, 271.82578, -20.26189, 310, 2, 2, 4399.5787015, 58210,58235,
10052, 5471, 274.6006, -32.75823, 110, 9, 9, 31658.8286833, 58272,58241,58275,58053,58027,58030,58292,58295,58298,
10053, 5361, 270.30586, -47.88549, 200, 3, 3, 10245.4350148, 58208,58211,58027,
10054, 5472, 270.93959, -29.40852, 110, 1, 2, 3716.54855158, 58213,
10055, 5472, 270.93959, -29.40852, 210, 2, 2, 4913.4479, 58235,58236,
10056, 5472, 270.93959, -29.40852, 310, 1, 2, 4459.9393, 58273,
10057, 5473, 115.99918, -24.22684, 100, 3, 3, 12316.9463, 58060,58028,58055,
10058, 5473, 115.99918, -24.22684, 200, 3, 3, 18286.0985, 58056,58091,58094,
10059, 5474, 108.65844, -10.5482, 100, 5, 3, 15381.7249, 58090,58058,58027,58054,58030,
10060, 5475, 122.81875, -33.14427, 110, 5, 3, 19854.5123, 58032,58025,58052,58062,58055,
10061, 5475, 122.81875, -33.14427, 210, 4, 3, 14844.9223, 58033,58089,58053,58063,
10062, 5476, 119.79518, -22.09431, 100, 3, 3, 10868.3287, 58057,58053,58089,
10063, 5477, 111.79851, -25.92839, 100, 3, 3, 9955.413, 58092,58029,58061,
10064, 5481, 62.57574, -71.9496, 100, 2, 3, 6757.8591, 58058,58054,
10065, 5482, 62.59437, -68.44995, 100, 3, 3, 16964.3248, 58032,58029,58055,
10066, 5483, 71.52181, -75.33295, 100, 5, 9, 17445.3703, 58058,58027,58052,58061,58055,
10067, 5484, 73.18395, -68.80377, 100, 2, 3, 11231.5436, 58056,58053,
10068, 5485, 73.91166, -71.30492, 100, 1, 6, 3643.0398, 58031,
10069, 5486, 77.76021, -65.67992, 100, 3, 3, 13309.5097, 58028,58054,58031,
10070, 5228, 78.5258, -62.5661, 100, 2, 3, 9415.6074, 58059,58063,
10071, 5487, 79.93246, -72.81782, 100, 5, 3, 14862.0805, 58057,58026,58052,58029,58061,
10072, 5488, 80.59955, -69.71021, 100, 0, 9, 0.0, NOT,OBSERVED
10073, 5489, 82.84366, -76.16799, 100, 2, 3, 7372.7804, 58060,58055,
10074, 5490, 85.37926, -63.57865, 100, 2, 3, 10171.0156, 58056,58063,
10075, 5491, 86.19716, -60.39283, 100, 0, 6, 0.0, NOT,OBSERVED
10076, 5492, 86.5236, -67.7097, 100, 0, 3, 0.0, NOT,OBSERVED
10077, 5493, 88.33804, -70.97048, 100, 0, 6, 0.0, NOT,OBSERVED
10078, 5494, 92.12778, -63.59827, 100, 0, 3, 0.0, NOT,OBSERVED
10079, 5495, 98.07207, -75.18425, 100, 0, 6, 0.0, NOT,OBSERVED
10080, 5496, 98.19632, -70.30972, 100, 1, 9, 4298.3122, 58062,
10081, 5497, 5.07043, -77.22261, 100, 5, 12, 22883.1187, 58056,58025,58028,58053,58061,
10082, 5498, 10.49422, -67.75707, 100, 3, 3, 11282.4044, 58024,58027,58052,
10083, 5499, 11.25066, -73.22922, 100, 4, 3, 14318.8282, 58025,58028,58054,58057,
10084, 5500, 16.98435, -75.59318, 100, 6, 6, 21559.1305, 58055,58026,58061,58030,58033,58058,
10085, 5501, 20.17171, -73.08001, 100, 3, 12, 10267.8451, 58056,58027,58059,
10086, 5502, 24.62484, -71.15311, 100, 3, 3, 9487.6101, 58024,58057,58052,
10087, 5503, 31.84894, -73.40826, 100, 5, 12, 20730.378, 58062,58058,58027,58053,58030,
10103, 5504, 62.57574, -71.9496, 100, 9, 9, 34905.0497659, 58094,58091,
10104, 5505, 62.59437, -68.44995, 100, 9, 9, 28576.8667, 58115,58119,58094,
10105, 5506, 71.52181, -75.33295, 100, 9, 9, 31834.6655, 58096,58153,58114,58093,
10106, 5506, 71.52181, -75.33295, 100, 9, 9, 31834.6655, 58119,
10107, 5507, 73.18395, -68.80377, 100, 9, 9, 35742.7478, 58116,58358,
10108, 5508, 73.91166, -71.30492, 100, 9, 9, 35318.4103597, 58115,58118,58121,58155,
10109, 5508, 73.91166, -71.30492, 100, 9, 9, 35318.4103597, 58092,
10110, 5509, 77.76021, -65.67992, 100, 9, 9, 33447.5286, 58115,58353,58356,
10111, 5510, 78.5258, -62.5661, 100, 9, 9, 43382.6089976, 58116,
10112, 5511, 79.93246, -72.81782, 100, 8, 9, 25943.3474, 58114,58122,58093,58351,58096,58354,58357,
10113, 5512, 80.6011, -69.7103, 100, 7, 9, 29473.1851836, 58092,58122,
10114, 5513, 82.84366, -76.16799, 100, 9, 9, 30677.3879735, 58151,58092,58154,58095,
10115, 5514, 85.37926, -63.57865, 100, 3, 9, 13458.2840737, NOT,OBSERVED
10116, 5515, 86.19716, -60.39283, 100, 7, 9, 30109.9876889, 58154,58093,
10117, 5516, 86.5236, -67.7097, 100, 9, 9, 40942.2019022, 58116,58119,
10118, 5517, 88.33804, -70.97048, 100, 9, 9, 36664.1273, 58114,58184,58153,58095,
10119, 5518, 92.12778, -63.59827, 100, 4, 9, 16422.4502237, NOT,OBSERVED
10120, 5519, 98.07207, -75.18425, 100, 9, 9, 36776.9684153, 58116,58119,58185,58122,58155,58096,
10121, 5520, 98.19632, -70.30972, 100, 9, 9, 29057.5048, 58152,58121,
10122, 5520, 98.19632, -70.30972, 100, 9, 9, 29057.5048, 58179,58182,58091,58152,58155,58094,
10123, 5521, 5.07043, -77.22261, 100, 10, 12, 40972.8196, 58089,58092,58350,58322,58355,58358,
10124, 5522, 10.49422, -67.75707, 100, 12, 12, 49072.825217, 58349,58352,58355,58358,58329,
10125, 5522, 10.49422, -67.75707, 100, 12, 12, 49072.825217, NOT,OBSERVED
10126, 5523, 11.25066, -73.22922, 100, 7, 12, 21780.1211811, 58096,58090,58324,58093,
10127, 5524, 16.98435, -75.59318, 100, 7, 12, 28181.5568, 58351,58356,
10128, 5525, 20.17171, -73.08001, 100, 8, 12, 26644.38, 58090,58354,58357,
10129, 5526, 24.62484, -71.15311, 100, 9, 12, 34553.3576863, 58092,58358,58355,
10130, 5527, 31.84894, -73.40826, 100, 12, 12, 44978.3750045, 58114,58093,58096,58356,
10131, 5528, 5.99046, -72.31605, 111, 4, 3, 10444.0688, 58322,58291,58294,
10132, 5528, 5.99046, -72.31605, 211, 3, 3, 10148.7613, 58323,58292,58295,
10133, 5528, 5.99046, -72.31605, 321, 3, 3, 12349.3923, 58297,58356,58353,
10134, 5528, 5.99046, -72.31605, 421, 3, 3, 9666.58515841, 58298,
10135, 5528, 5.99046, -72.31605, 531, 3, 3, 13611.9758, NOT,OBSERVED
10136, 5528, 5.99046, -72.31605, 631, 3, 3, 11771.961, NOT,OBSERVED
10137, 5529, 14.38745, -71.09453, 111, 3, 3, 11207.8092681, 58298,58295,58095,
10138, 5529, 14.38745, -71.09453, 211, 4, 3, 7731.0888, 58296,58328,58353,
10139, 5529, 14.38745, -71.09453, 321, 3, 3, 10583.3937, 58297,58357,58329,
10140, 5529, 14.38745, -71.09453, 421, 1, 3, 5531.0199, NOT,OBSERVED
10151, 5530, 270.30444, -30.97792, 110, 1, 2, 3809.357879, 58210,
10152, 5530, 270.30444, -30.97792, 210, 1, 2, 3471.89203227, 58211,
10153, 5530, 270.30444, -30.97792, 310, 1, 2, 4164.73086972, 58212,
10154, 5531, 262.96645, -27.32352, 110, 0, 2, 0.0, NOT,OBSERVED
10155, 5531, 262.96645, -27.32352, 210, 0, 2, 0.0, NOT,OBSERVED
10156, 5531, 262.96645, -27.32352, 310, 0, 2, 0.0, NOT,OBSERVED
10157, 5335, 259.00143, -24.40108, 210, 2, 9, 7957.0458, 58297,58329,
10158, 5532, 272.42698, -14.87425, 110, 1, 2, 3863.3773, 58295,
10159, 5533, 259.81492, -37.35921, 110, 1, 2, 4868.5714, 58179,
10160, 5533, 259.81492, -37.35921, 210, 1, 2, 4036.5547, 58180,
10161, 5533, 259.81492, -37.35921, 310, 1, 2, 4507.7368, 58181,
10162, 5534, 266.50384, -29.08085, 110, 0, 2, 0.0, NOT,OBSERVED
10163, 5534, 266.50384, -29.08085, 210, 0, 2, 0.0, NOT,OBSERVED
10164, 5534, 266.50384, -29.08085, 310, 0, 2, 0.0, NOT,OBSERVED
10165, 5534, 266.50384, -29.08085, 420, 0, 1, 0.0, NOT,OBSERVED
10166, 5535, 273.60524, -17.81363, 100, 3, 3, 11360.6090903, 58328,58298,58331,
10167, 5536, 277.04935, -11.65631, 110, 1, 2, 4118.2641, 58241,
10168, 5536, 277.04935, -11.65631, 210, 1, 2, 4134.9186, 58275,
10169, 5536, 277.04935, -11.65631, 310, 1, 2, 2229.2573, 58294,
10170, 5536, 277.04935, -11.65631, 420, 0, 1, 0.0, NOT,OBSERVED
10171, 5536, 277.04935, -11.65631, 520, 0, 1, 0.0, NOT,OBSERVED
10172, 5536, 277.04935, -11.65631, 620, 0, 1, 0.0, NOT,OBSERVED
10173, 5537, 125.24804, -36.59963, 100, 3, 3, 15881.6632, 58114,58118,58151,
10174, 5538, 157.78603, -58.04926, 100, 3, 3, 13800.46, 58145,58114,58117,
10175, 5539, 185.62926, -66.55713, 110, 3, 3, 11564.5801, 58153,58178,58150,
10176, 5540, 186.17297, -62.85627, 111, 4, 3, 11473.5149214, 58185,58154,58181,58151,
10177, 5540, 186.17297, -62.85627, 211, 3, 3, 11233.8593, 58153,58182,58207,
10178, 5540, 186.17297, -62.85627, 321, 4, 3, 11030.3067374, 58208,58211,58155,58236,
10179, 5540, 186.17297, -62.85627, 421, 3, 3, 10591.1855676, 58209,58212,58237,
10180, 5540, 186.17297, -62.85627, 531, 3, 3, 9863.61660096, 58210,58213,
10181, 5540, 186.17297, -62.85627, 631, 2, 3, 7858.76790752, NOT,OBSERVED
10182, 5540, 186.17297, -62.85627, 741, 0, 3, 0.0, NOT,OBSERVED
10183, 5541, 187.37319, -58.40774, 110, 3, 3, 14555.2082, 58152,58177,58150,
10184, 5542, 209.90918, -61.72333, 110, 3, 3, 9395.60972031, 58210,58236,58214,
10185, 5543, 221.62707, -59.77964, 100, 0, 3, 0.0, NOT,OBSERVED
10186, 5544, 240.67999, -52.56857, 111, 0, 3, 0.0, NOT,OBSERVED
10187, 5544, 240.67999, -52.56857, 211, 0, 3, 0.0, NOT,OBSERVED
10188, 5544, 240.67999, -52.56857, 321, 0, 3, 0.0, NOT,OBSERVED
10189, 5544, 240.67999, -52.56857, 421, 0, 3, 0.0, NOT,OBSERVED
10190, 5544, 240.67999, -52.56857, 531, 0, 3, 0.0, NOT,OBSERVED
10191, 5544, 240.67999, -52.56857, 631, 0, 3, 0.0, NOT,OBSERVED
10192, 5544, 240.67999, -52.56857, 741, 0, 3, 0.0, NOT,OBSERVED
10193, 5544, 240.67999, -52.56857, 841, 0, 3, 0.0, NOT,OBSERVED
10194, 5545, 251.81166, -45.1751, 110, 1, 2, 3765.64295264, 58212,
10195, 5545, 251.81166, -45.1751, 210, 1, 2, 3552.22462419, 58213,
10196, 5545, 251.81166, -45.1751, 310, 1, 2, 4074.91289743, 58214,
10197, 5546, 256.22182, -41.59851, 110, 1, 2, 3591.66121135, 58214,
10198, 5546, 256.22182, -41.59851, 210, 1, 2, 3624.6052, 58241,
10199, 5546, 256.22182, -41.59851, 310, 2, 2, 3898.65624062, 58298,58271,
10200, 5547, 268.92573, -32.86201, 110, 2, 2, 4527.4199, 58181,58182,
10201, 5548, 269.01834, -24.60461, 110, 1, 2, 4826.0285, 58206,
10202, 5548, 269.01834, -24.60461, 210, 1, 2, 4419.1396, 58207,
10203, 5548, 269.01834, -24.60461, 310, 2, 2, 3786.1256, 58209,58235,
10204, 5549, 263.6126, -33.32952, 110, 1, 2, 4666.1663, 58236,
10205, 5549, 263.6126, -33.32952, 210, 1, 2, 4136.4581, 58240,
10206, 5549, 263.6126, -33.32952, 310, 2, 2, 3568.1855, 58274,58299,
10207, 5214, 100.83523, -51.09979, 100, 6, 24, 30070.6113523, NOT,OBSERVED
10208, 5214, 100.83523, -51.09979, 100, 6, 24, 30070.6113523, 58209,58154,
10209, 5214, 100.83523, -51.09979, 100, 6, 24, 30070.6113523, 58185,58212,58236,58215,
10210, 5550, 15.2207, -33.68896, 100, 23, 24, 93110.945388, 58354,58351,58321,58290,58324,58293,58296,58297,58328,58357,
10211, 5550, 15.2207, -33.68896, 100, 23, 24, 93110.945388, NOT,OBSERVED
10212, 5550, 15.2207, -33.68896, 100, 23, 24, 93110.945388, 58348,
10277, 5553, 76.21948, -68.90035, 100, 1, 3, 15150.1357, 58123,
10278, 5553, 76.21948, -68.90035, 100, 1, 3, 15150.1357, 58123,
10279, 5554, 80.82827, -69.42734, 100, 1, 3, 12932.1953, 58124,
10280, 5554, 80.82827, -69.42734, 100, 1, 3, 12932.1953, 58124,
10281, 5555, 72.68382, -69.83139, 100, 1, 3, 7977.6548, 58124,
10282, 5556, 75.36352, -67.10529, 100, 1, 3, 2869.2414, 58123,
10283, 5557, 75.36262, -70.67383, 100, 2, 3, 4323.28042484, 58145,
10284, 5558, 84.85724, -69.19339, 100, 1, 3, 5625.1344, 58145,
10294, 5559, 168.69538, -61.26687, 100, 4, 3, 23441.2695, 58146,58147,58148,58149,
10295, 5559, 168.69538, -61.26687, 100, 4, 3, 23441.2695, 58148,
10296, 5560, 164.29006, -60.84545, 100, 1, 1, 4846.1767, NOT,OBSERVED
10297, 5560, 164.29006, -60.84545, 100, 1, 1, 4846.1767, 58147,
10298, 5561, 154.3058, -57.86093, 100, 1, 1, 4895.6833, 58147,
10299, 5561, 154.3058, -57.86093, 100, 1, 1, 4895.6833, NOT,OBSERVED
10306, 5562, 105.17408, -76.45349, 100, 1, 1, 3891.2504, 58146,
10307, 5563, 97.53255, -76.44244, 100, 1, 1, 3814.3042, 58147,
10308, 5564, 90.21366, -76.43637, 100, 1, 1, 4548.0056, 58149,
10309, 5565, 82.0992, -76.43184, 100, 1, 1, 3901.1993, 58148,
10310, 5566, 74.77169, -76.40015, 100, 1, 1, 4026.8124, 58147,
10311, 5567, 94.59949, -78.13666, 100, 1, 1, 1823.7452, NOT,OBSERVED
10312, 5568, 85.31918, -78.0966, 100, 2, 1, 4129.5376, 58176,58146,
10313, 5569, 62.65405, -64.91033, 100, 1, 1, 2055.0621, 58149,
10314, 5570, 62.64751, -66.6196, 100, 1, 1, 932.7145, 58148,
10315, 5571, 63.17568, -68.14312, 100, 1, 1, 3197.9641, NOT,OBSERVED
10316, 5572, 64.1929, -69.72678, 100, 1, 1, 3358.0391, NOT,OBSERVED
10317, 5573, 58.46223, -69.92683, 100, 1, 1, 3848.545, 58146,
10318, 5574, 58.93009, -71.5324, 100, 1, 1, 2630.3493, NOT,OBSERVED
10319, 5575, 114.60567, -73.17222, 100, 2, 2, 10782.5499, NOT,OBSERVED
10320, 5575, 114.60567, -73.17222, 100, 2, 2, 10782.5499, 58146,58148,
10321, 5576, 71.13617, -73.03626, 100, 1, 1, 3759.3916, NOT,OBSERVED
10322, 5577, 65.09252, -73.11933, 100, 1, 1, 3974.8828, NOT,OBSERVED
10323, 5578, 72.73676, -74.98036, 100, 1, 1, 3881.8224, NOT,OBSERVED
10324, 5579, 66.03663, -74.74543, 100, 1, 1, 3408.6303, NOT,OBSERVED
10325, 5580, 108.50636, -73.15016, 100, 1, 1, 3928.8725, 58147,
10326, 5581, 102.75023, -73.21003, 100, 1, 1, 4183.6768, 58177,
10327, 5582, 96.15441, -73.12482, 100, 1, 1, 4833.0979, 58149,
10328, 5583, 89.59489, -73.10614, 100, 1, 1, 3978.7002, 58148,
10329, 5584, 83.76264, -73.18074, 100, 1, 1, 2258.9925, NOT,OBSERVED
10330, 5585, 77.84444, -73.18881, 100, 1, 1, 3627.8194, 58177,
10331, 5586, 113.83773, -74.84136, 100, 1, 1, 3656.4775, 58149,
10332, 5587, 107.36418, -74.89842, 100, 1, 1, 2915.5415, NOT,OBSERVED
10333, 5588, 100.58161, -74.72774, 100, 0, 1, 0.0, NOT,OBSERVED
10334, 5589, 93.49012, -74.83355, 100, 1, 1, 4011.431, 58176,
10335, 5590, 86.78369, -74.77027, 100, 1, 1, 3663.2136, NOT,OBSERVED
10336, 5591, 79.56503, -74.69815, 100, 1, 1, 2786.0167, NOT,OBSERVED
10337, 5592, 121.56719, -69.75559, 100, 1, 1, 4340.435, 58176,
10338, 5593, 116.05424, -69.8216, 100, 1, 1, 9046.9849, 58123,
10339, 5594, 117.84244, -64.98446, 100, 1, 1, 8259.3621, 58145,
10340, 5595, 117.31768, -66.44952, 100, 1, 1, 5121.0238, 58124,
10341, 5596, 117.06897, -68.23449, 100, 1, 1, 4482.4866, 58149,
10342, 5597, 217.89809, -62.55623, 100, 2, 1, 3389.3267, 58145,58149,
10391, 5642, 153.20747, -1.67729, 100, 9, 24, 38882.5998535, 58209,58235,58212,58215,
10392, 5642, 153.20747, -1.67729, 100, 9, 24, 38882.5998535, NOT,OBSERVED
10393, 5642, 153.20747, -1.67729, 100, 9, 24, 38882.5998535, NOT,OBSERVED
10394, 5643, 267.55825, -36.73665, 110, 1, 3, 3726.9785, 58297,
10395, 5643, 267.55825, -36.73665, 210, 0, 3, 0.0, NOT,OBSERVED
10396, 5644, 279.07205, -23.69639, 110, 0, 1, 0.0, NOT,OBSERVED
10397, 5644, 279.07205, -23.69639, 210, 0, 1, 0.0, NOT,OBSERVED
10398, 5644, 279.07205, -23.69639, 310, 0, 1, 0.0, NOT,OBSERVED
10399, 5644, 279.07205, -23.69639, 420, 0, 1, 0.0, NOT,OBSERVED
10400, 5644, 279.07205, -23.69639, 520, 0, 1, 0.0, NOT,OBSERVED
10401, 5644, 279.07205, -23.69639, 620, 0, 1, 0.0, NOT,OBSERVED
10402, 5645, 127.97968, -39.89325, 110, 3, 3, 11824.5278, 58176,58179,58206,
10403, 5645, 127.97968, -39.89325, 210, 3, 3, 12908.226, 58177,58180,58207,
10404, 5645, 127.97968, -39.89325, 320, 3, 3, 10448.0931111, 58208,58178,58181,
10405, 5645, 127.97968, -39.89325, 420, 3, 3, 11141.7813854, 58208,58185,58182,
10406, 5646, 146.68963, -53.43393, 100, 3, 3, 11439.6866, 58178,58181,58206,
10407, 5647, 144.36438, -60.26752, 110, 3, 3, 10939.3322, 58178,58181,58206,
10408, 5648, 151.12972, -55.56894, 110, 3, 3, 12979.1721, 58176,58179,58207,
10409, 5648, 151.12972, -55.56894, 210, 3, 3, 11907.0395891, 58208,58180,58183,
10410, 5649, 178.13313, -62.44837, 110, 3, 3, 10623.7451313, 58208,58185,58182,
10411, 5649, 178.13313, -62.44837, 110, 3, 3, 10623.7451313, NOT,OBSERVED
10412, 5649, 178.13313, -62.44837, 210, 3, 3, 10957.4659806, 58210,58235,58207,
10413, 5649, 178.13313, -62.44837, 210, 3, 3, 10957.4659806, NOT,OBSERVED
10414, 5539, 185.6292, -66.5571, 210, 3, 3, 9308.56321434, 58180,58206,58183,
10415, 5540, 186.173, -62.8563, 841, 2, 3, 5420.52079911, NOT,OBSERVED
10416, 5541, 187.3732, -58.4077, 210, 3, 3, 10928.9538, 58178,58181,58206,
10417, 5541, 187.3732, -58.4077, 320, 3, 3, 11519.1208521, 58179,58182,58215,
10418, 5541, 187.3732, -58.4077, 420, 3, 3, 10679.3463512, 58235,58180,58183,
10419, 5650, 188.67996, -50.93324, 110, 2, 3, 5528.87601268, 58212,58215,
10420, 5650, 188.67996, -50.93324, 210, 2, 3, 6508.20633834, 58235,58214,
10421, 5542, 209.9092, -61.7233, 210, 2, 3, 4314.7727408, 58212,58215,
10422, 5547, 268.9257, -32.862, 210, 1, 2, 3877.02277368, 58183,
10423, 5651, 189.67658, -68.51349, 100, 2, 3, 7370.76794788, NOT,OBSERVED
10424, 5653, 132.81152, 11.50237, 100, 1, 1, 5182.84326762, 58183,
10425, 5211, 94.1939, -18.7631, 100, 2, 3, 8118.56098182, 58210,58213,
10426, 5209, 97.5145, -31.4373, 100, 3, 3, 11464.7214072, 58207,58180,58183,
10427, 5209, 97.5145, -31.4373, 100, 3, 3, 11464.7214072, NOT,OBSERVED
10428, 5652, 189.66176, -60.85692, 100, 2, 3, 6210.08397503, NOT,OBSERVED
10521, 5534, 266.50384, -29.08085, 520, 0, 1, 0.0, NOT,OBSERVED
10522, 5534, 266.50384, -29.08085, 620, 0, 1, 0.0, NOT,OBSERVED
10523, 5667, 254.79324, -53.02365, 110, 0, 3, 0.0, NOT,OBSERVED
10524, 5667, 254.79324, -53.02365, 210, 0, 3, 0.0, NOT,OBSERVED
10525, 5668, 268.37057, -30.02183, 110, 0, 2, 0.0, NOT,OBSERVED
10526, 5668, 268.37057, -30.02183, 210, 0, 2, 0.0, NOT,OBSERVED
10527, 5668, 268.37057, -30.02183, 310, 0, 2, 0.0, NOT,OBSERVED
10528, 5668, 268.37057, -30.02183, 420, 0, 1, 0.0, NOT,OBSERVED
10529, 5669, 264.59649, -27.93711, 110, 0, 2, 0.0, NOT,OBSERVED
10530, 5669, 264.59649, -27.93711, 210, 0, 2, 0.0, NOT,OBSERVED
10531, 5669, 264.59649, -27.93711, 310, 0, 2, 0.0, NOT,OBSERVED
10532, 5669, 264.59649, -27.93711, 420, 0, 1, 0.0, NOT,OBSERVED
10533, 5670, 254.01321, -40.14066, 110, 1, 2, 2916.95980586, 58211,
10534, 5671, 258.04896, -39.76032, 100, 3, 3, 11305.769607, 58241,58214,58273,
10535, 5672, 264.04873, -39.55954, 110, 1, 2, 4337.9079, 58295,
10536, 5672, 264.04873, -39.55954, 210, 1, 2, 3669.6574, 58296,
10537, 5672, 264.04873, -39.55954, 310, 1, 2, 4348.2235, 58297,
10538, 5673, 255.83274, -35.03507, 110, 1, 2, 5109.0056, 58182,
10539, 5673, 255.83274, -35.03507, 210, 1, 2, 4215.9262, 58185,
10540, 5673, 255.83274, -35.03507, 310, 1, 2, 5157.6468, 58206,
10541, 5674, 261.67181, -32.02215, 110, 1, 2, 3341.6256, 58294,
10542, 5675, 255.65026, -28.53177, 110, 1, 2, 3632.5452, 58275,
10543, 5676, 266.85565, -31.91299, 110, 0, 2, 0.0, NOT,OBSERVED
10544, 5676, 266.85565, -31.91299, 210, 0, 2, 0.0, NOT,OBSERVED
10545, 5530, 270.30444, -30.97792, 420, 1, 1, 3035.96703777, 58213,
10546, 5530, 270.30444, -30.97792, 520, 0, 1, 0.0, NOT,OBSERVED
10547, 5530, 270.30444, -30.97792, 620, 0, 1, 0.0, NOT,OBSERVED
10548, 5531, 262.96645, -27.32352, 420, 0, 1, 0.0, NOT,OBSERVED
10549, 5531, 262.96645, -27.32352, 520, 0, 1, 0.0, NOT,OBSERVED
10550, 5531, 262.96645, -27.32352, 620, 0, 1, 0.0, NOT,OBSERVED
10551, 5679, 267.09386, -23.23259, 110, 0, 2, 0.0, NOT,OBSERVED
10552, 5680, 261.81121, -20.46427, 110, 1, 2, 4396.1587, 58185,
10553, 5337, 261.21259, -14.12207, 200, 3, 3, 10381.249672, 58272,58265,58236,
10554, 5682, 258.31678, -42.58681, 110, 1, 2, 4891.3637, 58241,
10555, 5683, 242.90226, -32.05346, 110, 1, 2, 4752.8235, 58207,
10556, 5683, 242.90226, -32.05346, 210, 1, 2, 3863.99465694, 58208,
10557, 5683, 242.90226, -32.05346, 310, 1, 2, 5101.6329, 58209,
10558, 5684, 271.67967, -37.17623, 110, 2, 2, 3600.63592877, 58274,58298,
10559, 5685, 259.27676, -30.76601, 110, 1, 2, 2045.875, 58294,
10560, 5685, 259.27676, -30.76601, 210, 0, 2, 0.0, NOT,OBSERVED
10561, 5685, 259.27676, -30.76601, 310, 0, 2, 0.0, NOT,OBSERVED
10562, 5293, 201.73592, -47.51123, 111, 3, 3, 11275.2732015, 58273,58270,58297,
10563, 5293, 201.73592, -47.51123, 211, 3, 3, 9987.15016772, 58274,58298,58271,
10564, 5293, 201.73592, -47.51123, 321, 3, 3, 10478.533, 58272,58275,58299,
10565, 5293, 201.73592, -47.51123, 421, 3, 3, 7922.1731, 58328,58324,58294,
10566, 5293, 201.73592, -47.51123, 532, 2, 3, 8992.9657, 58329,58295,
10567, 5293, 201.73592, -47.51123, 632, 1, 3, 3115.9467, 58330,
10568, 5293, 201.73592, -47.51123, 742, 0, 3, 0.0, NOT,OBSERVED
10569, 5293, 201.73592, -47.51123, 842, 0, 3, 0.0, NOT,OBSERVED
10570, 5686, 283.59274, -30.62304, 110, 0, 6, 0.0, NOT,OBSERVED
10571, 5686, 283.59274, -30.62304, 210, 4, 6, 15579.7056857, 58358,
10572, 5687, 281.70971, -30.72333, 110, 2, 3, 6154.6408, 58350,
10573, 5687, 281.70971, -30.72333, 210, 0, 3, 0.0, NOT,OBSERVED
10574, 5688, 285.33123, -31.51146, 110, 3, 3, 9695.4231, 58272,58275,58348,
10575, 5688, 285.33123, -31.51146, 210, 3, 3, 9598.4295, 58274,
10576, 5689, 284.09283, -28.93223, 110, 4, 3, 9873.79537397, 58265,58322,58354,
10577, 5689, 284.09283, -28.93223, 210, 3, 3, 11409.1383, 58323,58355,
10590, 5654, 239.89526, -25.81884, 100, 1, 1, 3659.60171982, 58242,
10591, 5655, 241.99889, -24.38271, 100, 1, 1, 5077.4647, 58243,
10592, 5656, 243.94526, -25.12153, 100, 1, 1, 4407.35747237, 58242,
10593, 5657, 246.6157, -25.04021, 100, 1, 2, 4878.44092527, 58242,
10594, 5658, 245.92104, -22.58185, 100, 1, 1, 4262.22674754, 58242,
10595, 5659, 243.02498, -19.06233, 100, 1, 1, 4283.75325526, 58242,
10596, 5661, 121.40177, -71.52553, 100, 1, 1, 4464.38205384, 58242,
10597, 5657, 246.6157, -25.04021, 100, 1, 2, 4878.44092527, NOT,OBSERVED
10598, 5690, 112.58191, -66.65596, 100, 2, 1, 3561.64926861, 58262,
10599, 5691, 113.43307, -64.95413, 100, 1, 1, 4664.2889, 58243,
10600, 5692, 110.71232, -61.51795, 100, 1, 1, 4460.57370218, 58242,
10601, 5693, 111.70677, -59.9025, 100, 1, 1, 1401.8733, 58243,
10602, 5680, 261.81121, -20.46427, 210, 1, 2, 3384.24298337, 58265,
10603, 5694, 123.27237, -19.76361, 110, 3, 3, 10735.143053, NOT,OBSERVED
10604, 5695, 127.04904, -49.10192, 110, 3, 3, 9979.2407, 58241,
10605, 5696, 140.19651, -41.35097, 110, 1, 3, 4957.4575, NOT,OBSERVED
10606, 5697, 145.47406, -37.00467, 110, 0, 3, 0.0, NOT,OBSERVED
10607, 5252, 138.3114, -48.2096, 741, 3, 3, 8100.80896042, 58263,
10608, 5252, 138.3114, -48.2096, 841, 3, 3, 11924.9393, 58264,
10609, 5698, 142.27208, -45.45674, 110, 2, 3, 8289.2971, NOT,OBSERVED
10610, 5698, 142.27208, -45.45674, 210, 1, 3, 6438.71881997, NOT,OBSERVED
10611, 5699, 176.20339, -14.85532, 110, 0, 6, 0.0, NOT,OBSERVED
10612, 5699, 176.20339, -14.85532, 210, 0, 6, 0.0, NOT,OBSERVED
10613, 5259, 157.0004, -50.6397, 210, 0, 3, 0.0, NOT,OBSERVED
10614, 5267, 168.4825, -73.464, 210, 3, 3, 10317.0365585, 58265,58261,
10615, 5266, 182.2801, -50.1554, 210, 3, 3, 11025.0536275, NOT,OBSERVED
10616, 5261, 213.9209, -67.5671, 210, 0, 3, 0.0, NOT,OBSERVED
10617, 5260, 207.3688, -56.0367, 320, 0, 3, 0.0, NOT,OBSERVED
10618, 5262, 205.0701, -50.2668, 210, 0, 3, 0.0, NOT,OBSERVED
10619, 5700, 236.60892, -69.90226, 100, 0, 3, 0.0, NOT,OBSERVED
10620, 5701, 205.38767, -16.16159, 110, 0, 6, 0.0, NOT,OBSERVED
10621, 5268, 230.2479, -49.9288, 210, 1, 3, 3801.4519, 58353,
10622, 5351, 225.67617, -44.99249, 210, 0, 3, 0.0, NOT,OBSERVED
10623, 5265, 241.0415, -44.6195, 210, 0, 3, 0.0, NOT,OBSERVED
10624, 5269, 245.5878, -41.2998, 420, 0, 3, 0.0, NOT,OBSERVED
10625, 5369, 240.29093, -36.88303, 210, 0, 3, 0.0, NOT,OBSERVED
10626, 5702, 238.60861, -35.37822, 110, 1, 2, 5224.0222, 58241,
10627, 5702, 238.60861, -35.37822, 210, 1, 2, 6219.6894, 58262,
10628, 5702, 238.60861, -35.37822, 310, 1, 2, 3442.05395705, 58263,
10629, 5362, 248.55509, -29.87246, 200, 3, 3, 10349.208426, 58272,58298,58275,
10643, 5725, 270.33243, -27.32917, 100, 1, 1, 5687.9122, 58261,
10644, 5416, 267.0558, -24.32706, 100, 1, 1, 4622.6393, 58262,
10645, 5423, 268.37288, -21.76855, 100, 2, 1, 4893.45777835, 58263,
10646, 5424, 266.2588, -35.53171, 100, 1, 1, 4829.9077, 58261,
10647, 5412, 266.21926, -25.72696, 100, 1, 1, 4708.3196, 58262,
10648, 5419, 267.85791, -23.27007, 100, 1, 1, 4918.48453189, 58263,
10649, 5426, 268.08342, -34.97442, 100, 2, 1, 3636.8998, 58264,
10650, 5429, 268.76128, -33.68647, 100, 1, 1, 4260.8412, 58292,
10651, 5407, 265.74965, -26.79905, 100, 1, 1, 3366.2873, NOT,OBSERVED
10652, 5413, 265.30811, -24.43102, 100, 1, 1, 3548.0345, 58292,
10653, 5422, 266.54685, -21.59674, 100, 1, 1, 4974.67886449, NOT,OBSERVED
10668, 5715, 251.16719, -19.11986, 110, 1, 2, 3278.84429834, 58238,
10669, 5715, 251.16719, -19.11986, 210, 1, 2, 4039.19122673, 58265,
10670, 5715, 251.16719, -19.11986, 310, 1, 2, 4823.8436, 58297,
10671, 5716, 277.01887, -28.38592, 110, 0, 2, 0.0, NOT,OBSERVED
10672, 5716, 277.01887, -28.38592, 210, 0, 2, 0.0, NOT,OBSERVED
10673, 5716, 277.01887, -28.38592, 310, 0, 2, 0.0, NOT,OBSERVED
10674, 5717, 273.56083, -26.72774, 110, 0, 2, 0.0, NOT,OBSERVED
10675, 5717, 273.56083, -26.72774, 210, 0, 2, 0.0, NOT,OBSERVED
10676, 5717, 273.56083, -26.72774, 310, 0, 2, 0.0, NOT,OBSERVED
10677, 5679, 267.09386, -23.23259, 210, 0, 2, 0.0, NOT,OBSERVED
10678, 5679, 267.09386, -23.23259, 310, 0, 2, 0.0, NOT,OBSERVED
10679, 5718, 265.66885, -22.36972, 110, 1, 2, 4407.4458, 58272,
10680, 5718, 265.66885, -22.36972, 210, 1, 2, 3841.6233, 58273,
10681, 5718, 265.66885, -22.36972, 310, 2, 2, 3797.32746733, 58274,58298,
10682, 5680, 261.81121, -20.46427, 310, 2, 2, 3335.53179958, 58298,58271,
10683, 5719, 276.25967, -16.76312, 110, 0, 2, 0.0, NOT,OBSERVED
10684, 5720, 274.49509, -16.11858, 110, 0, 2, 0.0, NOT,OBSERVED
10685, 5720, 274.49509, -16.11858, 210, 0, 2, 0.0, NOT,OBSERVED
10686, 5721, 280.38155, -13.39214, 110, 0, 2, 0.0, NOT,OBSERVED
10687, 5721, 280.38155, -13.39214, 210, 0, 2, 0.0, NOT,OBSERVED
10688, 5696, 140.19651, -41.35097, 200, 1, 3, 3376.4759, NOT,OBSERVED
10689, 5697, 145.47406, -37.00467, 210, 0, 3, 0.0, NOT,OBSERVED
10690, 5259, 157.0004, -50.63966, 320, 0, 3, 0.0, NOT,OBSERVED
10691, 5259, 157.0004, -50.63966, 420, 0, 3, 0.0, NOT,OBSERVED
10692, 5722, 161.37163, -45.43281, 110, 1, 3, 4392.03694538, 58238,
10693, 5722, 161.37163, -45.43281, 210, 1, 3, 3576.8459, NOT,OBSERVED
10694, 5349, 174.23711, -67.88013, 210, 3, 3, 10046.066455, 58241,58238,
10695, 5350, 221.06348, -73.06175, 210, 0, 3, 0.0, NOT,OBSERVED
10696, 5261, 213.9209, -67.56716, 320, 0, 3, 0.0, NOT,OBSERVED
10697, 5261, 213.9209, -67.56716, 420, 0, 3, 0.0, NOT,OBSERVED
10698, 5260, 207.36887, -56.03668, 420, 0, 3, 0.0, NOT,OBSERVED
10699, 5353, 252.35799, -63.5813, 210, 3, 3, 10959.2652993, 58299,58238,58331,
10700, 5265, 241.0415, -44.6195, 320, 0, 3, 0.0, NOT,OBSERVED
10701, 5265, 241.0415, -44.6195, 420, 0, 3, 0.0, NOT,OBSERVED
10702, 5355, 235.6625, -40.11571, 210, 0, 3, 0.0, NOT,OBSERVED
10703, 5723, 241.9719, -38.32845, 110, 1, 2, 4382.899949, 58265,
10704, 5723, 241.9719, -38.32845, 210, 1, 2, 2920.28279516, 58266,
10705, 5723, 241.9719, -38.32845, 310, 0, 2, 0.0, NOT,OBSERVED
10706, 5360, 244.52318, -33.47128, 200, 0, 3, 0.0, NOT,OBSERVED
10707, 5724, 265.64018, -34.31924, 110, 1, 2, 2818.8864, 58325,
10708, 5730, 242.97235, -59.77167, 110, 4, 3, 10201.1313585, 58265,58270,58238,58273,
10709, 5730, 242.97235, -59.77167, 210, 4, 3, 11188.4261033, 58297,58266,58294,58271,
10710, 5731, 176.20339, -14.85532, 111, 6, 6, 29963.3450841, 58273,58290,58270,58262,58265,58238,
10711, 5731, 176.20339, -14.85532, 211, 6, 6, 23913.9553906, 58274,58296,58291,58264,58271,
10712, 5731, 176.20339, -14.85532, 321, 6, 6, 26428.3293257, 58272,58275,58292,58266,
10713, 5731, 176.20339, -14.85532, 421, 5, 6, 19191.6889746, 58293,
10714, 5732, 205.38767, -16.16159, 111, 6, 6, 25390.7153139, 58273,58238,58294,58297,58266,58270,
10715, 5732, 205.38767, -16.16159, 211, 5, 6, 19534.1897, 58274,58295,58299,58331,58271,
10716, 5732, 205.38767, -16.16159, 321, 3, 6, 17248.2561, 58272,58296,58275,
10717, 5732, 205.38767, -16.16159, 421, 0, 6, 0.0, NOT,OBSERVED
10718, 5733, 285.46008, -36.66466, 100, 2, 2, 7832.49683978, 58262,58263,
10719, 5734, 284.9309, -36.78801, 100, 2, 2, 4083.98981016, 58264,58263,
10778, 5338, 283.58947, -25.70741, 200, 3, 3, 11605.7566, NOT,OBSERVED
10779, 5735, 275.63545, -22.19377, 110, 0, 1, 0.0, NOT,OBSERVED
10780, 5736, 287.8718, -22.06047, 110, 1, 2, 3130.4516, NOT,OBSERVED
10781, 5736, 287.8718, -22.06047, 210, 1, 2, 2767.4852, NOT,OBSERVED
10782, 5339, 263.78476, -10.08623, 200, 3, 3, 11001.383945, NOT,OBSERVED
10783, 5737, 275.09702, -10.44727, 110, 0, 1, 0.0, NOT,OBSERVED
10784, 5738, 273.2987, -9.51626, 110, 1, 2, 4085.2725, NOT,OBSERVED
10785, 5738, 273.2987, -9.51626, 210, 1, 2, 5021.2488, NOT,OBSERVED
10786, 5738, 273.2987, -9.51626, 310, 1, 2, 4729.5036, NOT,OBSERVED
10787, 5738, 273.2987, -9.51626, 420, 1, 1, 4046.662, NOT,OBSERVED
10788, 5354, 257.29468, -60.47323, 210, 0, 3, 0.0, NOT,OBSERVED
10789, 5743, 266.65051, -52.22146, 100, 0, 3, 0.0, NOT,OBSERVED
10790, 5743, 266.65051, -52.22146, 200, 0, 3, 0.0, NOT,OBSERVED
10791, 5357, 263.91882, -51.19541, 210, 0, 3, 0.0, NOT,OBSERVED
10792, 5739, 273.14614, -48.64692, 110, 0, 1, 0.0, NOT,OBSERVED
10793, 5682, 258.31678, -42.58681, 210, 1, 2, 2155.16271347, NOT,OBSERVED
10794, 5682, 258.31678, -42.58681, 310, 0, 2, 0.0, NOT,OBSERVED
10795, 5684, 271.67967, -37.17623, 210, 1, 2, 2777.2159, NOT,OBSERVED
10796, 5668, 268.37057, -30.02183, 520, 0, 1, 0.0, NOT,OBSERVED
10797, 5668, 268.37057, -30.02183, 620, 0, 1, 0.0, NOT,OBSERVED
10798, 5669, 264.59649, -27.93711, 520, 0, 1, 0.0, NOT,OBSERVED
10799, 5669, 264.59649, -27.93711, 620, 0, 1, 0.0, NOT,OBSERVED
10800, 5719, 276.25967, -16.76312, 210, 0, 2, 0.0, NOT,OBSERVED
10801, 5720, 274.49509, -16.11858, 310, 0, 2, 0.0, NOT,OBSERVED
10802, 5542, 209.90918, -61.72333, 320, 0, 3, 0.0, NOT,OBSERVED
10803, 5542, 209.90918, -61.72333, 420, 0, 3, 0.0, NOT,OBSERVED
10804, 5740, 237.13031, -49.51547, 110, 0, 3, 0.0, NOT,OBSERVED
10805, 5740, 237.13031, -49.51547, 210, 0, 3, 0.0, NOT,OBSERVED
10806, 5670, 254.01321, -40.14066, 210, 0, 2, 0.0, NOT,OBSERVED
10807, 5670, 254.01321, -40.14066, 310, 0, 2, 0.0, NOT,OBSERVED
10808, 5674, 261.67181, -32.02215, 210, 1, 2, 2459.5592, NOT,OBSERVED
10809, 5674, 261.67181, -32.02215, 310, 0, 1, 0.0, NOT,OBSERVED
10810, 5675, 255.65026, -28.53177, 210, 1, 2, 2698.1402, NOT,OBSERVED
10811, 5675, 255.65026, -28.53177, 310, 0, 1, 0.0, NOT,OBSERVED
10812, 5741, 252.10022, -26.09389, 110, 0, 1, 0.0, NOT,OBSERVED
10813, 5741, 252.10022, -26.09389, 210, 0, 1, 0.0, NOT,OBSERVED
10814, 5547, 268.92573, -32.86201, 310, 1, 2, 2191.2545, NOT,OBSERVED
10815, 5676, 266.85565, -31.91299, 310, 0, 2, 0.0, NOT,OBSERVED
10816, 5667, 254.79324, -53.02365, 310, 0, 3, 0.0, NOT,OBSERVED
10817, 5667, 254.79324, -53.02365, 410, 0, 3, 0.0, NOT,OBSERVED
10818, 5744, 270.88134, -27.36217, 111, 1, 1, 4140.4414, 58290,
10819, 5744, 270.88134, -27.36217, 211, 1, 1, 4763.1216, 58290,
10820, 5744, 270.88134, -27.36217, 311, 2, 1, 3333.2565, 58321,58291,
10821, 5744, 270.88134, -27.36217, 421, 1, 1, 2942.2525, 58291,
10822, 5744, 270.88134, -27.36217, 521, 2, 1, 4215.8386, 58290,58291,
10823, 5744, 270.88134, -27.36217, 621, 1, 1, 2068.6871, 58291,
10824, 5745, 262.75828, -30.75286, 111, 1, 1, 3778.5517, 58290,
10825, 5745, 262.75828, -30.75286, 211, 2, 1, 4262.1932, 58290,58291,
10826, 5745, 262.75828, -30.75286, 311, 1, 1, 2275.8365, 58291,
10827, 5745, 262.75828, -30.75286, 421, 2, 1, 3283.3987, 58321,58291,
10828, 5745, 262.75828, -30.75286, 521, 1, 1, 3528.124, 58321,
10829, 5745, 262.75828, -30.75286, 621, 0, 1, 0.0, NOT,OBSERVED
10830, 5746, 278.42615, -23.57957, 111, 1, 1, 1646.0669, NOT,OBSERVED
10831, 5746, 278.42615, -23.57957, 211, 1, 1, 1573.8172, 58321,
10832, 5746, 278.42615, -23.57957, 311, 0, 1, 0.0, NOT,OBSERVED
10833, 5746, 278.42615, -23.57957, 421, 0, 1, 0.0, NOT,OBSERVED
10834, 5746, 278.42615, -23.57957, 521, 0, 1, 0.0, NOT,OBSERVED
10835, 5746, 278.42615, -23.57957, 621, 0, 1, 0.0, NOT,OBSERVED
10836, 5747, 243.13445, -53.51446, 100, 0, 2, 0.0, NOT,OBSERVED
10944, 5785, 239.8666, -24.11106, 100, 1, 1, 4149.4155, 58350,
10945, 5786, 241.74668, -22.93319, 100, 1, 1, 3547.0873, 58320,
10946, 5787, 244.29045, -21.48159, 100, 0, 1, 0.0, NOT,OBSERVED
10947, 5788, 244.77238, -24.24189, 100, 0, 1, 0.0, NOT,OBSERVED
10948, 5789, 245.04091, -25.85734, 100, 1, 1, 3347.8246, 58320,
10949, 5790, 245.94194, -28.15228, 100, 0, 1, 0.0, NOT,OBSERVED
10950, 5791, 247.10623, -26.64004, 100, 0, 1, 0.0, NOT,OBSERVED
10951, 5792, 241.68573, -25.92083, 100, 0, 1, 0.0, NOT,OBSERVED
10952, 5793, 242.77526, -27.72214, 100, 1, 1, 2669.2151, 58350,
10953, 5794, 70.7362, -58.32303, 100, 0, 1, 0.0, NOT,OBSERVED
10954, 5795, 75.58674, -59.87875, 100, 1, 1, 4220.8539, 58350,
10955, 5796, 68.89991, -61.66225, 100, 1, 1, 4779.2066, 58349,
10956, 5797, 65.28482, -61.64749, 100, 1, 1, 4519.8252, 58350,
10957, 5798, 66.63076, -64.94538, 100, 1, 1, 3808.7463, NOT,OBSERVED
10958, 5338, 283.58947, -25.70741, 200, 3, 3, 11605.7566, 58357,
10959, 5736, 287.8718, -22.06047, 110, 1, 2, 3130.4516, 58328,
10960, 5736, 287.8718, -22.06047, 210, 1, 2, 2767.4852, 58349,
10961, 5339, 263.78476, -10.08623, 200, 3, 3, 11001.383945, 58352,58329,58355,
10962, 5738, 273.2987, -9.51626, 110, 1, 2, 4085.2725, 58328,
10963, 5738, 273.2987, -9.51626, 210, 1, 2, 5021.2488, 58329,
10964, 5738, 273.2987, -9.51626, 310, 1, 2, 4729.5036, 58331,
10965, 5738, 273.2987, -9.51626, 420, 1, 1, 4046.662, 58353,
10966, 5682, 258.31678, -42.58681, 210, 1, 2, 2155.16271347, 58352,
10967, 5682, 258.31678, -42.58681, 310, 0, 2, 0.0, NOT,OBSERVED
10968, 5684, 271.67967, -37.17623, 210, 1, 2, 2777.2159, 58324,
10969, 5668, 268.37057, -30.02183, 520, 0, 1, 0.0, NOT,OBSERVED
10970, 5668, 268.37057, -30.02183, 620, 0, 1, 0.0, NOT,OBSERVED
10971, 5669, 264.59649, -27.93711, 520, 0, 1, 0.0, NOT,OBSERVED
10972, 5669, 264.59649, -27.93711, 620, 0, 1, 0.0, NOT,OBSERVED
10973, 5719, 276.25967, -16.76312, 210, 0, 2, 0.0, NOT,OBSERVED
10974, 5720, 274.49509, -16.11858, 310, 0, 2, 0.0, NOT,OBSERVED
10975, 5670, 254.01321, -40.14066, 210, 0, 2, 0.0, NOT,OBSERVED
10976, 5670, 254.01321, -40.14066, 310, 0, 2, 0.0, NOT,OBSERVED
10977, 5674, 261.67181, -32.02215, 210, 1, 2, 2459.5592, 58330,
10978, 5675, 255.65026, -28.53177, 210, 1, 2, 2698.1402, 58324,
10979, 5547, 268.92573, -32.86201, 310, 1, 2, 2191.2545, 58330,
10980, 5676, 266.85565, -31.91299, 310, 0, 2, 0.0, NOT,OBSERVED
10981, 5667, 254.79324, -53.02365, 310, 0, 3, 0.0, NOT,OBSERVED
11026, 5472, 270.93959, -29.40852, 420, 1, 1, 2562.837, 58328,
11027, 5472, 270.93959, -29.40852, 520, 0, 1, 0.0, NOT,OBSERVED
11028, 5472, 270.93959, -29.40852, 620, 2, 1, 2375.172, 58353,
11029, 5799, 268.23621, -18.41884, 110, 0, 2, 0.0, NOT,OBSERVED
11030, 5799, 268.23621, -18.41884, 210, 0, 2, 0.0, NOT,OBSERVED
11031, 5799, 268.23621, -18.41884, 310, 0, 2, 0.0, NOT,OBSERVED
11032, 5532, 272.42698, -14.87425, 210, 1, 2, 3166.2687, 58328,
11033, 5800, 258.76206, -49.0149, 110, 3, 3, 12272.4126, 58357,
11034, 5800, 258.76206, -49.0149, 210, 3, 3, 11601.5761, 58358,
11035, 5800, 258.76206, -49.0149, 320, 2, 3, 6970.0624, NOT,OBSERVED
11036, 5801, 13.49851, -26.76464, 110, 3, 3, 11790.7077, 58329,58324,58350,
11037, 5801, 13.49851, -26.76464, 210, 3, 3, 10687.3284, 58331,58325,58351,
11038, 5802, 355.67726, -10.15783, 110, 1, 6, 2911.5802, NOT,OBSERVED
11039, 5802, 355.67726, -10.15783, 210, 2, 6, 6029.82317849, 58352,
11155, 5522, 10.49422, -67.75707, 100, 12, 12, 49072.825217, NOT,OBSERVED
11156, 5523, 11.25066, -73.22922, 100, 7, 12, 21780.1211811, NOT,OBSERVED
11157, 5521, 5.07043, -77.22261, 100, 10, 12, 40972.8196, NOT,OBSERVED
11158, 5802, 355.67726, -10.15783, 110, 1, 6, 2911.5802, NOT,OBSERVED
11159, 5801, 13.49851, -26.76464, 110, 3, 3, 11790.7077, NOT,OBSERVED
11160, 5801, 13.49851, -26.76464, 210, 3, 3, 10687.3284, NOT,OBSERVED
11161, 5529, 14.38745, -71.09453, 211, 4, 3, 7731.0888, NOT,OBSERVED
11162, 5529, 14.38745, -71.09453, 321, 3, 3, 10583.3937, NOT,OBSERVED
11163, 5528, 5.99046, -72.31605, 111, 4, 3, 10444.0688, NOT,OBSERVED
11164, 5528, 5.99046, -72.31605, 211, 3, 3, 10148.7613, NOT,OBSERVED
11165, 5528, 5.99046, -72.31605, 321, 3, 3, 12349.3923, NOT,OBSERVED
11166, 5860, 80.05918, -65.69253, 100, 2, 1, 3147.91381221, NOT,OBSERVED
11167, 5861, 74.70726, -66.72936, 100, 1, 1, 3691.428, NOT,OBSERVED
11168, 5862, 77.74816, -66.87526, 100, 1, 1, 4432.4958, NOT,OBSERVED
11169, 5863, 81.89251, -66.89161, 100, 1, 1, 4006.8326, NOT,OBSERVED
11170, 5864, 84.14499, -67.51851, 100, 1, 1, 4554.8088, NOT,OBSERVED
11171, 5865, 76.27908, -68.35727, 100, 1, 1, 4349.0971, NOT,OBSERVED
11172, 5866, 79.95736, -68.12268, 100, 1, 1, 4401.2285, NOT,OBSERVED
11173, 5867, 84.12276, -69.02625, 100, 0, 1, 0.0, NOT,OBSERVED
11174, 5868, 81.87041, -69.36878, 100, 1, 1, 2964.73754485, NOT,OBSERVED
11175, 5869, 83.11923, -69.21843, 100, 0, 1, 0.0, NOT,OBSERVED
11176, 5870, 72.44264, -69.22454, 100, 1, 1, 4453.835, NOT,OBSERVED
11177, 5871, 77.69808, -69.75111, 100, 1, 1, 3980.2831, NOT,OBSERVED
11178, 5872, 74.01594, -70.61404, 100, 1, 1, 3839.45852238, NOT,OBSERVED
11179, 5873, 20.17171, -73.08001, 100, 2, 2, 7171.90991264, NOT,OBSERVED
11180, 5874, 15.44637, -72.28764, 100, 1, 1, 3447.3210197, NOT,OBSERVED
11181, 5875, 15.99513, -73.46246, 100, 1, 1, 3398.49577556, NOT,OBSERVED
11182, 5876, 12.67435, -72.3229, 100, 1, 1, 5665.7129, NOT,OBSERVED
11183, 5877, 11.51992, -73.47818, 100, 1, 1, 2905.82308595, NOT,OBSERVED
11184, 5878, 85.26312, -55.07878, 100, 0, 1, 0.0, NOT,OBSERVED
11185, 5879, 76.81257, -56.80224, 100, 0, 1, 0.0, NOT,OBSERVED
11186, 5880, 74.50825, -58.20825, 100, 1, 1, 2787.0461, NOT,OBSERVED
11187, 5881, 78.32579, -58.41181, 100, 1, 1, 3027.2074, NOT,OBSERVED
11188, 5882, 78.93686, -59.99512, 100, 0, 1, 0.0, NOT,OBSERVED
11189, 5883, 68.45126, -59.81489, 100, 1, 1, 4293.739, NOT,OBSERVED
11190, 5884, 71.85774, -60.00321, 100, 1, 1, 4060.3645, NOT,OBSERVED
11191, 5885, 76.56951, -61.58682, 100, 0, 1, 0.0, NOT,OBSERVED
11192, 5886, 73.0977, -61.53998, 100, 0, 1, 0.0, NOT,OBSERVED
11193, 5887, 85.85134, -63.28986, 100, 1, 1, 2385.6105, NOT,OBSERVED
11194, 5888, 89.95931, -63.28166, 100, 1, 1, 2508.363, NOT,OBSERVED
11195, 5889, 93.92871, -63.33397, 100, 0, 1, 0.0, NOT,OBSERVED
11196, 5890, 69.96366, -63.35762, 100, 1, 1, 4236.4838, NOT,OBSERVED
11197, 5891, 65.9735, -63.29877, 100, 1, 1, 4613.834, NOT,OBSERVED
11198, 5892, 109.03884, -64.96753, 100, 1, 1, 4087.5757, NOT,OBSERVED
11199, 5893, 111.31382, -69.83599, 100, 1, 1, 3704.4222, NOT,OBSERVED
11200, 5894, 81.51862, -71.56785, 100, 1, 1, 3572.19811359, NOT,OBSERVED
11201, 5895, 103.9852, -71.44414, 100, 2, 1, 3879.6103, NOT,OBSERVED
11202, 5896, 75.85606, -71.41397, 100, 1, 1, 2222.5991, NOT,OBSERVED
11203, 5897, 110.22872, -71.53233, 100, 0, 1, 0.0, NOT,OBSERVED
11204, 5898, 115.57237, -71.47781, 100, 1, 1, 3538.20401877, NOT,OBSERVED
11205, 5899, 69.99162, -71.50561, 100, 0, 1, 0.0, NOT,OBSERVED
11206, 5900, 64.19231, -71.56813, 100, 1, 1, 3266.7049, NOT,OBSERVED
11405, 5935, 90.68836, 7.62358, 100, 0, 1, 0.0, NOT,OBSERVED
11406, 5936, 91.71429, 6.17553, 100, 0, 1, 0.0, NOT,OBSERVED
11407, 5937, 92.8828, 4.91242, 100, 0, 1, 0.0, NOT,OBSERVED
11408, 5938, 96.32999, 5.3102, 100, 0, 1, 0.0, NOT,OBSERVED
11440, 5939, 98.20038, 4.27645, 100, 1, 1, 4957.02697217, NOT,OBSERVED
11441, 5939, 98.20038, 4.27645, 200, 1, 3, 6329.79681755, NOT,OBSERVED
11442, 5940, 85.90176, -70.07064, 100, 1, 1, 4290.66563908, NOT,OBSERVED
11443, 5941, 81.78489, -70.98956, 100, 1, 1, 4148.09092119, NOT,OBSERVED
11444, 5942, 77.20012, -71.5062, 100, 2, 1, 2062.68004965, NOT,OBSERVED
11489, 5960, 108.12186, -27.71059, 110, 3, 3, 11692.2222698, NOT,OBSERVED
11490, 5960, 108.12186, -27.71059, 210, 0, 3, 0.0, NOT,OBSERVED
11491, 5960, 108.12186, -27.71059, 320, 0, 3, 0.0, NOT,OBSERVED
11492, 5475, 122.81875, -33.14427, 320, 0, 3, 0.0, NOT,OBSERVED
11493, 5475, 122.81875, -33.14427, 420, 0, 3, 0.0, NOT,OBSERVED
11494, 5477, 111.79851, -25.92839, 200, 0, 3, 0.0, NOT,OBSERVED
11495, 5476, 119.79518, -22.09431, 200, 0, 3, 0.0, NOT,OBSERVED
11496, 5961, 109.53114, -39.262, 110, 0, 3, 0.0, NOT,OBSERVED
11497, 5648, 151.12972, -55.56894, 320, 3, 3, 11849.5039554, NOT,OBSERVED
11498, 5647, 144.36438, -60.26752, 210, 1, 3, 3281.01860371, NOT,OBSERVED
11499, 5972, 108.82921, -58.2739, 100, 1, 1, 3760.7139262, NOT,OBSERVED
11500, 5973, 108.20893, -60.08541, 100, 1, 1, 3227.79408767, NOT,OBSERVED
11501, 5974, 103.30149, -61.65142, 100, 1, 1, 4198.92418371, NOT,OBSERVED
11502, 5975, 114.78955, -61.70475, 100, 1, 1, 3795.7237004, NOT,OBSERVED
11503, 5976, 109.81687, -63.37029, 100, 1, 1, 4181.03381753, NOT,OBSERVED
11504, 5977, 114.20712, -63.30043, 100, 1, 1, 3988.13670531, NOT,OBSERVED
11505, 5978, 104.96079, -64.81182, 100, 1, 1, 3335.26631196, NOT,OBSERVED
11506, 5979, 111.98162, -68.15541, 100, 0, 1, 0.0, NOT,OBSERVED
11507, 5980, 100.58785, -69.8256, 100, 1, 1, 3279.61625064, NOT,OBSERVED
11508, 5981, 95.07878, -69.78491, 100, 1, 1, 3850.85123048, NOT,OBSERVED
11509, 5982, 89.96456, -69.86059, 100, 0, 1, 0.0, NOT,OBSERVED
11510, 5983, 84.57646, -69.85864, 100, 1, 1, 3285.72460675, NOT,OBSERVED
11511, 5984, 68.54617, -68.17566, 100, 1, 1, 3131.50482147, NOT,OBSERVED
11512, 5985, 105.79187, -69.71709, 100, 1, 1, 3542.68252019, NOT,OBSERVED
11513, 5986, 79.4432, -69.84924, 100, 1, 1, 2876.29523195, NOT,OBSERVED
11514, 5987, 74.19616, -69.84021, 100, 1, 1, 2556.96038201, NOT,OBSERVED
11515, 5988, 98.6442, -71.52939, 100, 0, 1, 0.0, NOT,OBSERVED
11516, 5989, 92.57427, -71.44283, 100, 1, 1, 3616.94026626, NOT,OBSERVED
11517, 5990, 87.50649, -71.51312, 100, 1, 1, 3197.71891011, NOT,OBSERVED
11518, 5991, 69.0363, -69.94555, 100, 1, 1, 4284.8439505, NOT,OBSERVED
11581, 5960, 108.12186, -27.71059, 420, 0, 3, 0.0, NOT,OBSERVED
11582, 5961, 109.53114, -39.262, 210, 0, 3, 0.0, NOT,OBSERVED
11583, 5992, 119.15645, -5.03137, 100, 3, 3, 14263.5664033, NOT,OBSERVED
11584, 5993, 119.08105, -52.31095, 110, 3, 3, 14077.8452696, NOT,OBSERVED
11585, 5993, 119.08105, -52.31095, 210, 2, 3, 9923.84525289, NOT,OBSERVED
11586, 5694, 123.27237, -19.76361, 210, 1, 3, 3524.71350963, NOT,OBSERVED
11587, 5694, 123.27237, -19.76361, 320, 1, 3, 2909.95893979, NOT,OBSERVED
11588, 5694, 123.27237, -19.76361, 420, 0, 3, 0.0, NOT,OBSERVED
11589, 5695, 127.04904, -49.10192, 200, 0, 3, 0.0, NOT,OBSERVED
11590, 5994, 133.65132, -26.17088, 110, 0, 3, 0.0, NOT,OBSERVED
11591, 5994, 133.65132, -26.17088, 210, 0, 3, 0.0, NOT,OBSERVED
11620, 5995, 160.86041, -59.62363, 100, 0, 2, 0.0, NOT,OBSERVED
11621, 5996, 161.15234, -59.82986, 100, 0, 2, 0.0, NOT,OBSERVED
11622, 5997, 161.63592, -59.83055, 100, 0, 2, 0.0, NOT,OBSERVED
11623, 5790, 245.94194, -28.15228, 100, 0, 1, 0.0, NOT,OBSERVED
11624, 5791, 247.10623, -26.64004, 100, 0, 1, 0.0, NOT,OBSERVED
11625, 5792, 241.68573, -25.92083, 100, 0, 1, 0.0, NOT,OBSERVED
11626, 5998, 240.088, -23.73169, 100, 0, 1, 0.0, NOT,OBSERVED
11627, 5999, 240.51565, -21.37962, 100, 0, 1, 0.0, NOT,OBSERVED
11628, 6000, 243.02506, -22.284, 100, 0, 1, 0.0, NOT,OBSERVED
11629, 6001, 240.09397, -18.80999, 100, 0, 1, 0.0, NOT,OBSERVED
11630, 6002, 247.15096, -23.47798, 100, 0, 1, 0.0, NOT,OBSERVED
11631, 6003, 241.45789, -18.03796, 100, 0, 1, 0.0, NOT,OBSERVED
11632, 6004, 245.2843, -19.94503, 100, 0, 1, 0.0, NOT,OBSERVED
11717, 6017, 263.38567, -39.21557, 111, 0, 1, 0.0, NOT,OBSERVED
11718, 6017, 263.38567, -39.21557, 211, 0, 1, 0.0, NOT,OBSERVED
11719, 6017, 263.38567, -39.21557, 311, 0, 1, 0.0, NOT,OBSERVED
11720, 6017, 263.38567, -39.21557, 421, 0, 1, 0.0, NOT,OBSERVED
11721, 6017, 263.38567, -39.21557, 521, 0, 1, 0.0, NOT,OBSERVED
11722, 6017, 263.38567, -39.21557, 621, 0, 1, 0.0, NOT,OBSERVED
11723, 6018, 256.55435, -26.46171, 111, 0, 1, 0.0, NOT,OBSERVED
11724, 6018, 256.55435, -26.46171, 211, 0, 1, 0.0, NOT,OBSERVED
11725, 6018, 256.55435, -26.46171, 311, 0, 1, 0.0, NOT,OBSERVED
11726, 6018, 256.55435, -26.46171, 421, 0, 1, 0.0, NOT,OBSERVED
11727, 6018, 256.55435, -26.46171, 521, 0, 1, 0.0, NOT,OBSERVED
11728, 6018, 256.55435, -26.46171, 621, 0, 1, 0.0, NOT,OBSERVED
11734, 6020, 202.93851, -33.70651, 110, 0, 3, 0.0, NOT,OBSERVED
11735, 6020, 202.93851, -33.70651, 210, 0, 3, 0.0, NOT,OBSERVED
11736, 6021, 185.03819, -22.81401, 110, 0, 3, 0.0, NOT,OBSERVED
11737, 6021, 185.03819, -22.81401, 210, 0, 3, 0.0, NOT,OBSERVED
11738, 6022, 147.79496, -20.2257, 110, 0, 3, 0.0, NOT,OBSERVED
11739, 6022, 147.79496, -20.2257, 210, 0, 3, 0.0, NOT,OBSERVED
11740, 6023, 91.18948, -47.44571, 110, 0, 3, 0.0, NOT,OBSERVED
11741, 6023, 91.18948, -47.44571, 210, 0, 3, 0.0, NOT,OBSERVED
